Year,"01 ,Homicide offences","0111 ,Murder","0112 ,Manslaughter","0113 ,Infanticide","012 ,Dangerous driving leading to death","02 ,Sexual offences","021 ,Rape and sexual assault","022 ,Other sexual offences","03 ,Attempts/threats to murder, assaults, harassments and related offences","0311 ,Murder-attempt","0312 ,Murder-threat","033 ,Harassment and related offences","034 ,Assault causing harm, poisoning","035 ,Other assault","04 ,Dangerous or negligent acts","0411 ,Dangerous driving causing serious bodily harm","0412 ,Driving/in charge of a vehicle while over legal alcohol limit","0413 ,Driving/in charge of a vehicle under the influence of drugs","0421 ,Endangerment with potential for serious harm/death","0422 ,Abandoning a child, child neglect and cruelty","0423 ,Unseaworthy/dangerous use of boat or ship","0424 ,False alarm/interference with aircraft or air transport facilities","0425 ,Endangering traffic offences","05 ,Kidnapping and related offences","0511 ,False imprisonment","0512 ,Abduction of person under 16 years of age","0513 ,Human trafficking offences","06 ,Robbery, extortion and hijacking offences","0611 ,Robbery of an establishment or institution","0612 ,Robbery of cash or goods in transit","0613 ,Robbery from the person","0621 ,Blackmail or extortion","0631 ,Carjacking, hijacking/unlawful seizure of aircraft/vessel","07 ,Burglary and related offences","0711 ,Aggravated burglary","0712 ,Burglary (not aggravated)","0713 ,Possession of an article (with intent to burgle, steal, demand)","08 ,Theft and related offences","081 ,Theft/taking of vehicle and related offences","0821 ,Theft from person","0822 ,Theft from shop","084 ,Other thefts, handling stolen property","09 ,Fraud, deception and related offences","10 ,Controlled drug offences","1011 ,Importation of drugs","1012 ,Cultivation or manufacture of drugs","1021 ,Possession of drugs for sale or supply","1022 ,Possession of drugs for personal use","103 ,Other drug offences","11 ,Weapons and Explosives Offences","111 ,Explosives, chemical weapons offences","1121 ,Discharging a firearm","1122 ,Possession of a firearm","113 ,Offensive weapons offences (n.e.c.)","114 ,Fireworks offences","12 ,Damage to property and to the environment","1211 ,Arson","1212 ,Criminal damage (not arson)","1221 ,Litter offences","13 ,Public order and other social code offences","131 ,Disorderly conduct","132 ,Trespass offences","133 ,Liquor licensing offences","134 ,Prostitution offences","135 ,Regulated betting/money, collection/trading offences","136 ,Social code offences (n.e.c.)","15 ,Offences against government, justice procedures and organisation of crime","151 ,Offences against government and its agents","152 ,Organisation of crime and conspiracy to commit crime","153 ,Perverting the course of justice","157 ,Offences while in custody, breach of court orders","01 ,Homicide offences","0111 ,Murder","0112 ,Manslaughter","0113 ,Infanticide","012 ,Dangerous driving leading to death","02 ,Sexual offences","021 ,Rape and sexual assault","022 ,Other sexual offences","03 ,Attempts/threats to murder, assaults, harassments and related offences","0311 ,Murder-attempt","0312 ,Murder-threat","033 ,Harassment and related offences","034 ,Assault causing harm, poisoning","035 ,Other assault","04 ,Dangerous or negligent acts","0411 ,Dangerous driving causing serious bodily harm","0412 ,Driving/in charge of a vehicle while over legal alcohol limit","0413 ,Driving/in charge of a vehicle under the influence of drugs","0421 ,Endangerment with potential for serious harm/death","0422 ,Abandoning a child, child neglect and cruelty","0423 ,Unseaworthy/dangerous use of boat or ship","0424 ,False alarm/interference with aircraft or air transport facilities","0425 ,Endangering traffic offences","05 ,Kidnapping and related offences","0511 ,False imprisonment","0512 ,Abduction of person under 16 years of age","0513 ,Human trafficking offences","06 ,Robbery, extortion and hijacking offences","0611 ,Robbery of an establishment or institution","0612 ,Robbery of cash or goods in transit","0613 ,Robbery from the person","0621 ,Blackmail or extortion","0631 ,Carjacking, hijacking/unlawful seizure of aircraft/vessel","07 ,Burglary and related offences","0711 ,Aggravated burglary","0712 ,Burglary (not aggravated)","0713 ,Possession of an article (with intent to burgle, steal, demand)","08 ,Theft and related offences","081 ,Theft/taking of vehicle and related offences","0821 ,Theft from person","0822 ,Theft from shop","084 ,Other thefts, handling stolen property","09 ,Fraud, deception and related offences","10 ,Controlled drug offences","1011 ,Importation of drugs","1012 ,Cultivation or manufacture of drugs","1021 ,Possession of drugs for sale or supply","1022 ,Possession of drugs for personal use","103 ,Other drug offences","11 ,Weapons and Explosives Offences","111 ,Explosives, chemical weapons offences","1121 ,Discharging a firearm","1122 ,Possession of a firearm","113 ,Offensive weapons offences (n.e.c.)","114 ,Fireworks offences","12 ,Damage to property and to the environment","1211 ,Arson","1212 ,Criminal damage (not arson)","1221 ,Litter offences","13 ,Public order and other social code offences","131 ,Disorderly conduct","132 ,Trespass offences","133 ,Liquor licensing offences","134 ,Prostitution offences","135 ,Regulated betting/money, collection/trading offences","136 ,Social code offences (n.e.c.)","15 ,Offences against government, justice procedures and organisation of crime","151 ,Offences against government and its agents","152 ,Organisation of crime and conspiracy to commit crime","153 ,Perverting the course of justice","157 ,Offences while in custody, breach of court orders","01 ,Homicide offences","0111 ,Murder","0112 ,Manslaughter","0113 ,Infanticide","012 ,Dangerous driving leading to death","02 ,Sexual offences","021 ,Rape and sexual assault","022 ,Other sexual offences","03 ,Attempts/threats to murder, assaults, harassments and related offences","0311 ,Murder-attempt","0312 ,Murder-threat","033 ,Harassment and related offences","034 ,Assault causing harm, poisoning","035 ,Other assault","04 ,Dangerous or negligent acts","0411 ,Dangerous driving causing serious bodily harm","0412 ,Driving/in charge of a vehicle while over legal alcohol limit","0413 ,Driving/in charge of a vehicle under the influence of drugs","0421 ,Endangerment with potential for serious harm/death","0422 ,Abandoning a child, child neglect and cruelty","0423 ,Unseaworthy/dangerous use of boat or ship","0424 ,False alarm/interference with aircraft or air transport facilities","0425 ,Endangering traffic offences","05 ,Kidnapping and related offences","0511 ,False imprisonment","0512 ,Abduction of person under 16 years of age","0513 ,Human trafficking offences","06 ,Robbery, extortion and hijacking offences","0611 ,Robbery of an establishment or institution","0612 ,Robbery of cash or goods in transit","0613 ,Robbery from the person","0621 ,Blackmail or extortion","0631 ,Carjacking, hijacking/unlawful seizure of aircraft/vessel","07 ,Burglary and related offences","0711 ,Aggravated burglary","0712 ,Burglary (not aggravated)","0713 ,Possession of an article (with intent to burgle, steal, demand)","08 ,Theft and related offences","081 ,Theft/taking of vehicle and related offences","0821 ,Theft from person","0822 ,Theft from shop","084 ,Other thefts, handling stolen property","09 ,Fraud, deception and related offences","10 ,Controlled drug offences","1011 ,Importation of drugs","1012 ,Cultivation or manufacture of drugs","1021 ,Possession of drugs for sale or supply","1022 ,Possession of drugs for personal use","103 ,Other drug offences","11 ,Weapons and Explosives Offences","111 ,Explosives, chemical weapons offences","1121 ,Discharging a firearm","1122 ,Possession of a firearm","113 ,Offensive weapons offences (n.e.c.)","114 ,Fireworks offences","12 ,Damage to property and to the environment","1211 ,Arson","1212 ,Criminal damage (not arson)","1221 ,Litter offences","13 ,Public order and other social code offences","131 ,Disorderly conduct","132 ,Trespass offences","133 ,Liquor licensing offences","134 ,Prostitution offences","135 ,Regulated betting/money, collection/trading offences","136 ,Social code offences (n.e.c.)","15 ,Offences against government, justice procedures and organisation of crime","151 ,Offences against government and its agents","152 ,Organisation of crime and conspiracy to commit crime","153 ,Perverting the course of justice","157 ,Offences while in custody, breach of court orders","01 ,Homicide offences","0111 ,Murder","0112 ,Manslaughter","0113 ,Infanticide","012 ,Dangerous driving leading to death","02 ,Sexual offences","021 ,Rape and sexual assault","022 ,Other sexual offences","03 ,Attempts/threats to murder, assaults, harassments and related offences","0311 ,Murder-attempt","0312 ,Murder-threat","033 ,Harassment and related offences","034 ,Assault causing harm, poisoning","035 ,Other assault","04 ,Dangerous or negligent acts","0411 ,Dangerous driving causing serious bodily harm","0412 ,Driving/in charge of a vehicle while over legal alcohol limit","0413 ,Driving/in charge of a vehicle under the influence of drugs","0421 ,Endangerment with potential for serious harm/death","0422 ,Abandoning a child, child neglect and cruelty","0423 ,Unseaworthy/dangerous use of boat or ship","0424 ,False alarm/interference with aircraft or air transport facilities","0425 ,Endangering traffic offences","05 ,Kidnapping and related offences","0511 ,False imprisonment","0512 ,Abduction of person under 16 years of age","0513 ,Human trafficking offences","06 ,Robbery, extortion and hijacking offences","0611 ,Robbery of an establishment or institution","0612 ,Robbery of cash or goods in transit","0613 ,Robbery from the person","0621 ,Blackmail or extortion","0631 ,Carjacking, hijacking/unlawful seizure of aircraft/vessel","07 ,Burglary and related offences","0711 ,Aggravated burglary","0712 ,Burglary (not aggravated)","0713 ,Possession of an article (with intent to burgle, steal, demand)","08 ,Theft and related offences","081 ,Theft/taking of vehicle and related offences","0821 ,Theft from person","0822 ,Theft from shop","084 ,Other thefts, handling stolen property","09 ,Fraud, deception and related offences","10 ,Controlled drug offences","1011 ,Importation of drugs","1012 ,Cultivation or manufacture of drugs","1021 ,Possession of drugs for sale or supply","1022 ,Possession of drugs for personal use","103 ,Other drug offences","11 ,Weapons and Explosives Offences","111 ,Explosives, chemical weapons offences","1121 ,Discharging a firearm","1122 ,Possession of a firearm","113 ,Offensive weapons offences (n.e.c.)","114 ,Fireworks offences","12 ,Damage to property and to the environment","1211 ,Arson","1212 ,Criminal damage (not arson)","1221 ,Litter offences","13 ,Public order and other social code offences","131 ,Disorderly conduct","132 ,Trespass offences","133 ,Liquor licensing offences","134 ,Prostitution offences","135 ,Regulated betting/money, collection/trading offences","136 ,Social code offences (n.e.c.)","15 ,Offences against government, justice procedures and organisation of crime","151 ,Offences against government and its agents","152 ,Organisation of crime and conspiracy to commit crime","153 ,Perverting the course of justice","157 ,Offences while in custody, breach of court orders","01 ,Homicide offences","0111 ,Murder","0112 ,Manslaughter","0113 ,Infanticide","012 ,Dangerous driving leading to death","02 ,Sexual offences","021 ,Rape and sexual assault","022 ,Other sexual offences","03 ,Attempts/threats to murder, assaults, harassments and related offences","0311 ,Murder-attempt","0312 ,Murder-threat","033 ,Harassment and related offences","034 ,Assault causing harm, poisoning","035 ,Other assault","04 ,Dangerous or negligent acts","0411 ,Dangerous driving causing serious bodily harm","0412 ,Driving/in charge of a vehicle while over legal alcohol limit","0413 ,Driving/in charge of a vehicle under the influence of drugs","0421 ,Endangerment with potential for serious harm/death","0422 ,Abandoning a child, child neglect and cruelty","0423 ,Unseaworthy/dangerous use of boat or ship","0424 ,False alarm/interference with aircraft or air transport facilities","0425 ,Endangering traffic offences","05 ,Kidnapping and related offences","0511 ,False imprisonment","0512 ,Abduction of person under 16 years of age","0513 ,Human trafficking offences","06 ,Robbery, extortion and hijacking offences","0611 ,Robbery of an establishment or institution","0612 ,Robbery of cash or goods in transit","0613 ,Robbery from the person","0621 ,Blackmail or extortion","0631 ,Carjacking, hijacking/unlawful seizure of aircraft/vessel","07 ,Burglary and related offences","0711 ,Aggravated burglary","0712 ,Burglary (not aggravated)","0713 ,Possession of an article (with intent to burgle, steal, demand)","08 ,Theft and related offences","081 ,Theft/taking of vehicle and related offences","0821 ,Theft from person","0822 ,Theft from shop","084 ,Other thefts, handling stolen property","09 ,Fraud, deception and related offences","10 ,Controlled drug offences","1011 ,Importation of drugs","1012 ,Cultivation or manufacture of drugs","1021 ,Possession of drugs for sale or supply","1022 ,Possession of drugs for personal use","103 ,Other drug offences","11 ,Weapons and Explosives Offences","111 ,Explosives, chemical weapons offences","1121 ,Discharging a firearm","1122 ,Possession of a firearm","113 ,Offensive weapons offences (n.e.c.)","114 ,Fireworks offences","12 ,Damage to property and to the environment","1211 ,Arson","1212 ,Criminal damage (not arson)","1221 ,Litter offences","13 ,Public order and other social code offences","131 ,Disorderly conduct","132 ,Trespass offences","133 ,Liquor licensing offences","134 ,Prostitution offences","135 ,Regulated betting/money, collection/trading offences","136 ,Social code offences (n.e.c.)","15 ,Offences against government, justice procedures and organisation of crime","151 ,Offences against government and its agents","152 ,Organisation of crime and conspiracy to commit crime","153 ,Perverting the course of justice","157 ,Offences while in custody, breach of court orders","01 ,Homicide offences","0111 ,Murder","0112 ,Manslaughter","0113 ,Infanticide","012 ,Dangerous driving leading to death","02 ,Sexual offences","021 ,Rape and sexual assault","022 ,Other sexual offences","03 ,Attempts/threats to murder, assaults, harassments and related offences","0311 ,Murder-attempt","0312 ,Murder-threat","033 ,Harassment and related offences","034 ,Assault causing harm, poisoning","035 ,Other assault","04 ,Dangerous or negligent acts","0411 ,Dangerous driving causing serious bodily harm","0412 ,Driving/in charge of a vehicle while over legal alcohol limit","0413 ,Driving/in charge of a vehicle under the influence of drugs","0421 ,Endangerment with potential for serious harm/death","0422 ,Abandoning a child, child neglect and cruelty","0423 ,Unseaworthy/dangerous use of boat or ship","0424 ,False alarm/interference with aircraft or air transport facilities","0425 ,Endangering traffic offences","05 ,Kidnapping and related offences","0511 ,False imprisonment","0512 ,Abduction of person under 16 years of age","0513 ,Human trafficking offences","06 ,Robbery, extortion and hijacking offences","0611 ,Robbery of an establishment or institution","0612 ,Robbery of cash or goods in transit","0613 ,Robbery from the person","0621 ,Blackmail or extortion","0631 ,Carjacking, hijacking/unlawful seizure of aircraft/vessel","07 ,Burglary and related offences","0711 ,Aggravated burglary","0712 ,Burglary (not aggravated)","0713 ,Possession of an article (with intent to burgle, steal, demand)","08 ,Theft and related offences","081 ,Theft/taking of vehicle and related offences","0821 ,Theft from person","0822 ,Theft from shop","084 ,Other thefts, handling stolen property","09 ,Fraud, deception and related offences","10 ,Controlled drug offences","1011 ,Importation of drugs","1012 ,Cultivation or manufacture of drugs","1021 ,Possession of drugs for sale or supply","1022 ,Possession of drugs for personal use","103 ,Other drug offences","11 ,Weapons and Explosives Offences","111 ,Explosives, chemical weapons offences","1121 ,Discharging a firearm","1122 ,Possession of a firearm","113 ,Offensive weapons offences (n.e.c.)","114 ,Fireworks offences","12 ,Damage to property and to the environment","1211 ,Arson","1212 ,Criminal damage (not arson)","1221 ,Litter offences","13 ,Public order and other social code offences","131 ,Disorderly conduct","132 ,Trespass offences","133 ,Liquor licensing offences","134 ,Prostitution offences","135 ,Regulated betting/money, collection/trading offences","136 ,Social code offences (n.e.c.)","15 ,Offences against government, justice procedures and organisation of crime","151 ,Offences against government and its agents","152 ,Organisation of crime and conspiracy to commit crime","153 ,Perverting the course of justice","157 ,Offences while in custody, breach of court orders",Total 
01/01/2003,3,1,1,0,1,117,112,5,533,0,1,66,130,336,389,1,376,2,1,4,0,0,5,1,1,0,0,26,8,0,18,0,0,510,1,509,0,1192,268,68,203,653,89,159,0,2,36,112,9,31,0,5,11,15,0,986,48,935,3,973,831,20,97,0,1,24,101,7,1,7,86,1,0,1,0,0,146,141,5,450,0,0,48,137,265,328,0,319,3,1,3,0,2,0,6,6,0,0,29,12,0,15,1,1,415,5,407,3,1416,180,82,349,805,155,121,1,3,33,82,2,41,0,3,16,22,0,728,32,694,2,861,697,14,136,0,7,7,98,1,0,5,92,5,3,2,0,0,107,98,9,708,0,6,79,204,419,487,0,473,3,3,7,0,0,1,9,7,2,0,106,45,1,58,0,2,836,9,824,3,2986,453,290,731,1512,313,346,0,5,76,256,9,90,1,10,18,61,0,1594,88,1497,9,1915,1743,38,113,0,10,11,262,11,0,9,242,4,1,0,0,3,101,99,2,501,0,0,45,144,312,430,0,407,4,2,9,0,0,8,4,4,0,0,58,37,4,16,0,1,1176,9,1163,4,2163,338,105,321,1399,198,233,1,0,80,143,9,36,0,5,9,22,0,1021,33,986,2,1338,1102,44,178,0,2,12,153,7,2,2,142,4,1,1,0,2,113,103,10,372,0,1,44,122,205,370,1,362,1,2,3,0,0,1,2,1,1,0,37,9,0,28,0,0,671,6,664,1,1477,226,66,374,811,144,385,3,2,80,286,14,75,0,6,28,41,0,663,25,637,1,1381,1254,19,95,0,3,10,149,18,1,8,122,7,5,1,0,1,247,226,21,1073,2,1,64,408,598,742,2,699,9,7,6,0,3,16,16,12,4,0,586,216,10,339,4,17,2973,64,2857,52,9175,1903,1029,1872,4371,429,622,4,0,270,316,32,241,1,25,46,169,0,3737,115,3617,5,3302,2854,211,28,38,25,146,1009,17,3,17,972,57087
01/04/2003,0,0,0,0,0,57,56,1,494,0,1,33,126,334,456,1,432,4,1,16,0,0,2,1,1,0,0,28,8,0,18,1,1,568,11,556,1,1416,236,72,217,891,118,190,1,2,32,146,9,38,3,8,7,20,0,1082,57,1021,4,1205,974,31,189,1,3,7,131,12,0,8,111,2,1,0,0,1,50,46,4,402,0,0,26,116,260,363,1,350,1,1,6,0,1,3,1,1,0,0,19,1,0,18,0,0,556,4,552,0,1385,183,74,297,831,82,187,1,4,28,145,9,24,0,1,5,18,0,842,27,813,2,1187,879,23,263,0,19,3,115,7,0,6,102,1,1,0,0,0,75,70,5,710,0,9,61,183,457,579,0,562,1,3,10,0,0,3,4,3,1,0,81,22,2,57,0,0,707,5,700,2,2812,437,227,697,1451,112,475,0,3,102,355,15,87,2,12,12,61,0,1618,105,1506,7,2275,1953,33,261,1,10,17,246,14,0,7,225,3,1,0,0,2,69,65,4,483,0,0,34,133,316,455,0,434,1,2,9,0,0,9,2,0,2,0,56,36,4,13,1,2,1001,10,985,6,2126,321,97,357,1351,81,302,1,0,80,212,9,39,1,1,11,26,0,962,27,931,4,1416,1128,30,235,0,4,19,150,1,1,2,146,0,0,0,0,0,83,71,12,366,0,0,35,113,218,433,1,421,1,1,8,0,0,1,4,4,0,0,22,6,0,16,0,0,765,8,755,2,1413,205,81,382,745,163,464,0,4,90,349,21,44,0,4,9,31,0,657,22,632,3,1392,1239,20,117,1,0,15,162,3,1,8,150,10,5,3,0,2,110,93,17,919,0,3,53,339,524,689,1,648,8,4,15,0,1,12,8,8,0,0,496,164,12,310,1,9,2616,30,2539,47,9418,1928,1136,1918,4436,236,849,6,1,346,449,47,224,0,19,33,172,0,3540,120,3418,2,3699,3060,221,64,50,30,274,819,12,0,29,778,57527
01/07/2003,6,2,0,0,4,47,46,1,608,0,0,71,121,416,459,3,439,3,1,5,0,0,8,7,6,1,0,17,4,0,13,0,0,537,8,529,0,1485,226,76,229,954,102,205,0,3,38,156,8,34,2,7,7,18,0,962,58,900,4,1301,1091,40,148,1,11,10,123,9,0,6,108,2,1,1,0,0,44,43,1,411,0,1,23,108,279,401,0,392,3,0,2,0,1,3,4,3,1,0,26,4,0,21,0,1,585,3,582,0,1478,217,97,259,905,105,205,1,8,47,144,5,30,2,7,5,16,0,792,28,764,0,1264,950,13,274,0,13,14,96,6,0,4,86,4,3,0,0,1,53,52,1,743,0,12,44,185,502,592,2,571,2,1,9,0,0,7,1,1,0,0,57,16,1,37,0,3,772,8,760,4,2830,480,197,707,1446,179,435,0,11,60,348,16,87,1,9,13,64,0,1436,67,1365,4,2347,2046,44,217,1,17,22,244,12,0,3,229,2,0,0,0,2,36,35,1,440,0,0,16,121,303,406,1,390,5,0,8,0,0,2,2,2,0,0,55,29,2,22,1,1,1009,7,1000,2,2142,351,127,354,1310,76,470,0,1,42,418,9,36,0,6,5,25,0,938,47,886,5,1200,1026,42,118,1,1,12,141,5,0,4,132,4,0,1,0,3,95,93,2,401,0,0,36,102,263,444,1,425,2,2,9,0,0,5,5,1,4,0,34,20,0,14,0,0,698,7,688,3,1519,209,65,396,849,132,474,1,7,61,395,10,42,1,3,3,35,0,673,35,636,2,1493,1271,36,162,1,4,19,157,2,0,14,141,7,5,1,0,1,145,128,17,852,2,3,38,315,494,740,2,694,5,8,15,0,2,14,6,5,1,0,509,168,6,311,9,15,2699,50,2603,46,9779,1847,1165,1984,4783,458,819,4,3,312,442,58,253,1,25,44,183,0,3290,115,3169,6,4271,3636,227,42,61,35,270,957,10,0,49,898,59025
01/10/2003,2,1,0,0,1,46,46,0,509,0,0,45,120,344,507,1,495,3,1,2,0,0,5,0,0,0,0,22,5,0,9,0,8,563,9,554,0,1224,181,68,264,711,133,226,0,0,55,168,3,34,1,4,12,17,0,1011,66,941,4,1622,1117,26,471,0,3,5,137,5,1,4,127,1,0,0,0,1,29,26,3,423,0,0,31,94,298,381,1,369,2,1,6,0,0,2,1,1,0,0,18,5,0,13,0,0,486,3,480,3,1348,175,72,333,768,101,188,2,4,31,150,1,40,6,2,12,20,0,770,24,744,2,1414,1006,18,383,0,3,4,102,1,0,8,93,2,1,0,0,1,39,36,3,554,0,3,80,137,334,643,1,626,3,1,6,0,0,6,5,3,2,0,73,25,0,47,0,1,764,12,748,4,2621,382,253,683,1303,131,542,0,4,75,460,3,77,0,16,14,47,0,1545,75,1465,5,2387,2029,40,273,1,17,27,245,10,0,7,228,3,2,0,0,1,32,30,2,406,1,0,22,100,283,450,0,438,3,0,2,0,0,7,1,0,1,0,53,33,3,15,0,2,1259,9,1247,3,1867,341,84,377,1065,65,235,1,1,56,170,7,47,10,7,7,23,0,1037,65,971,1,1350,1073,42,225,0,2,8,140,4,1,7,128,1,0,0,0,1,37,36,1,330,0,0,16,91,223,459,0,450,3,0,3,0,0,3,2,1,1,0,40,17,1,20,0,2,829,4,823,2,1296,240,97,367,592,152,379,0,2,58,305,14,61,9,7,10,35,0,664,17,642,5,1430,1204,26,178,0,7,15,180,4,0,5,171,6,3,2,0,1,108,98,10,843,0,1,46,293,503,768,0,719,5,8,15,0,2,19,5,4,1,0,467,141,7,291,3,25,2761,45,2683,33,8867,1823,1033,2021,3990,389,743,9,2,229,446,57,209,11,19,36,143,0,3482,122,3355,5,4137,3504,180,96,32,77,248,918,21,0,29,868,57474
01/01/2004,5,1,1,0,3,85,84,1,477,0,0,66,111,300,419,3,404,3,3,2,0,0,4,1,1,0,0,26,6,0,16,1,3,501,8,491,2,1235,258,59,210,708,131,169,0,0,43,112,14,33,0,6,16,11,0,931,55,869,7,1082,857,16,185,0,11,13,152,10,4,13,125,3,0,1,0,2,90,87,3,414,0,0,37,112,265,346,1,334,2,1,7,0,0,1,0,0,0,0,26,3,0,21,0,2,478,3,473,2,1464,180,62,381,841,74,197,1,2,37,149,8,31,0,4,9,18,0,746,37,708,1,1001,788,18,186,1,1,7,104,3,1,2,98,10,1,1,0,8,124,119,5,669,0,6,51,203,409,542,5,516,2,4,6,0,1,8,7,6,1,0,84,27,1,50,3,3,790,4,786,0,2771,537,225,671,1338,165,512,1,0,71,427,13,141,2,29,11,99,0,1690,49,1626,15,2111,1830,27,237,0,4,13,242,17,0,2,223,0,0,0,0,0,106,104,2,484,0,0,37,150,297,428,0,409,4,3,6,0,0,6,2,0,2,0,46,27,1,18,0,0,1318,10,1303,5,2156,408,131,349,1268,179,217,0,1,44,161,11,79,0,7,42,30,0,1100,44,1048,8,1195,939,43,197,1,0,15,140,6,0,4,130,2,0,0,0,2,62,56,6,443,0,0,30,142,271,373,1,358,1,2,11,0,0,0,1,0,1,0,15,3,1,11,0,0,895,1,887,7,1673,233,101,395,944,172,375,2,0,77,282,14,58,0,3,10,45,0,887,32,849,6,1370,1173,36,153,5,0,3,155,1,0,11,143,8,4,2,0,2,237,212,25,985,0,4,75,358,548,700,3,656,4,8,11,0,4,14,13,12,1,0,577,216,19,326,2,14,3035,54,2937,44,9311,2266,980,1858,4207,410,756,3,1,242,438,72,242,0,34,32,176,0,4404,143,4260,1,3854,3165,180,290,52,21,146,986,12,2,24,948,59528
01/04/2004,3,1,0,0,2,62,60,2,538,0,1,61,105,371,436,1,412,8,4,6,0,0,5,1,1,0,0,20,3,1,15,0,1,505,7,498,0,1192,220,64,202,706,88,136,1,0,26,103,6,36,1,6,14,15,0,915,61,850,4,1344,1000,35,277,0,25,7,98,11,1,3,83,2,0,0,0,2,34,34,0,426,0,0,40,99,287,331,0,323,1,0,5,0,0,2,1,1,0,0,18,8,0,9,0,1,370,1,367,2,1191,157,79,237,718,72,241,0,7,37,187,10,45,1,11,8,25,0,695,35,659,1,984,793,22,155,0,3,11,91,3,0,6,82,4,3,0,0,1,71,53,18,616,0,4,36,166,410,542,1,522,5,1,10,0,0,3,4,4,0,0,73,21,0,51,0,1,782,7,773,2,2628,448,182,642,1356,187,600,0,1,88,496,15,125,1,19,18,87,0,1573,109,1453,11,2081,1765,58,244,1,5,8,214,3,0,3,208,4,0,1,0,3,48,47,1,430,0,0,32,124,274,481,0,466,4,1,9,0,0,1,3,2,1,0,51,25,0,26,0,0,929,8,918,3,2124,383,128,312,1301,124,263,2,0,51,198,12,33,1,6,4,22,0,1080,41,1034,5,1309,1091,39,176,0,1,2,146,0,2,5,139,7,0,1,0,6,32,30,2,369,0,0,29,107,233,452,0,438,1,1,9,0,0,3,2,2,0,0,28,9,0,19,0,0,640,11,628,1,1334,213,61,357,703,164,430,0,2,55,362,11,60,0,17,7,36,0,673,26,642,5,1453,1200,44,197,0,2,10,116,3,0,9,104,7,5,0,0,2,129,115,14,900,0,6,58,328,508,756,4,692,5,15,16,0,5,19,5,5,0,0,494,166,14,297,2,15,2379,34,2301,44,9552,2223,949,1725,4655,242,850,13,3,286,498,50,233,0,19,45,169,0,3927,140,3786,1,3961,3206,266,263,72,29,125,868,8,1,50,809,56463
01/07/2004,5,2,0,0,3,49,49,0,447,1,0,40,126,280,471,0,455,1,6,6,0,0,3,3,3,0,0,24,5,1,16,0,2,539,6,533,0,1235,230,47,222,736,99,151,0,1,30,115,5,27,0,1,10,16,0,923,46,870,7,1372,1002,24,331,0,3,12,106,11,2,6,87,2,0,0,0,2,45,45,0,424,0,1,26,106,291,370,0,358,3,0,4,0,1,4,2,2,0,0,22,3,1,17,0,1,378,3,375,0,1427,169,94,296,868,103,156,0,2,25,129,0,35,0,7,9,19,0,736,29,705,2,1106,918,23,153,0,9,3,82,3,0,5,74,6,3,1,0,2,74,73,1,640,0,5,45,179,411,662,1,645,3,1,11,0,0,1,1,1,0,0,71,28,0,41,0,2,895,9,884,2,2659,464,211,703,1281,105,535,0,8,90,426,11,89,2,9,16,62,0,1568,65,1500,3,2357,1994,43,302,0,9,9,183,8,0,9,166,1,0,0,0,1,50,49,1,426,0,0,23,106,297,477,1,448,10,2,10,0,0,6,2,1,1,0,64,43,3,18,0,0,970,10,956,4,2181,430,110,325,1316,136,682,1,1,82,589,9,46,0,5,12,29,0,1048,52,996,0,1287,1099,40,135,2,3,8,109,0,1,3,105,4,3,0,0,1,36,35,1,398,0,0,17,117,264,493,0,485,0,0,6,0,0,2,2,2,0,0,15,8,0,7,0,0,653,5,646,2,1434,174,70,439,751,73,459,1,2,58,392,6,63,0,3,6,54,0,673,18,653,2,1509,1233,32,220,1,13,10,124,1,0,5,118,3,1,2,0,0,123,120,3,995,0,9,53,353,580,722,1,669,4,14,20,0,5,9,12,11,1,0,411,155,4,228,1,23,2645,31,2578,36,9596,2126,867,1584,5019,287,919,3,2,295,531,88,236,3,35,41,157,0,4398,152,4240,6,4060,3199,226,408,58,39,130,944,12,0,51,881,58950
01/10/2004,3,1,0,0,2,32,31,1,462,0,0,44,110,308,497,0,480,2,0,9,0,0,6,3,3,0,0,26,8,1,15,0,2,549,8,540,1,1258,281,64,237,676,97,178,0,0,42,133,3,38,3,3,6,26,0,1021,60,954,7,2002,1344,19,620,0,4,15,109,5,0,5,99,3,1,1,0,1,41,41,0,387,0,0,28,98,261,405,0,400,2,0,1,0,0,2,2,2,0,0,27,15,0,11,1,0,376,1,374,1,1287,175,55,326,731,100,181,2,0,29,141,9,41,18,4,10,9,0,788,24,763,1,1413,1073,20,303,0,7,10,102,6,0,3,93,1,0,0,0,1,41,41,0,637,0,8,48,158,423,774,1,768,1,0,3,0,0,1,1,1,0,0,79,35,0,42,2,0,702,9,692,1,2755,506,216,831,1202,165,496,0,3,79,398,16,104,8,17,10,69,0,1659,89,1562,8,2824,2247,51,466,0,44,16,200,4,1,5,190,3,1,0,0,2,40,40,0,424,0,0,30,117,277,584,2,565,5,1,6,0,0,5,0,0,0,0,68,41,5,21,0,1,1025,9,1013,3,1827,351,94,362,1020,110,222,0,0,53,159,10,45,6,4,9,26,0,1061,32,1027,2,1602,1250,45,292,1,2,12,134,5,0,8,121,4,0,0,0,4,39,37,2,332,0,0,13,72,247,522,1,511,2,1,3,0,0,4,3,3,0,0,34,18,0,16,0,0,679,6,673,0,1328,122,75,507,624,105,383,0,0,48,326,9,73,15,3,8,47,0,596,21,575,0,1779,1439,37,289,0,5,9,138,7,0,11,120,8,3,4,0,1,102,96,6,954,0,3,55,345,551,902,3,853,4,7,18,0,3,14,3,2,1,0,418,203,9,189,3,14,2880,37,2804,39,8583,1815,788,1720,4260,275,755,6,2,305,384,58,240,4,39,21,176,0,3955,145,3807,3,4732,3625,221,608,25,77,176,910,26,1,16,867,59743
01/01/2005,6,2,0,0,4,126,123,3,488,0,0,62,130,296,464,3,444,3,1,3,0,0,10,1,1,0,0,13,4,1,7,0,1,507,4,503,0,1270,245,51,250,724,120,190,1,2,30,150,7,32,2,4,15,11,0,991,48,934,9,1685,1137,39,497,0,8,4,116,10,0,4,102,3,1,0,0,2,86,85,1,399,0,0,36,123,240,383,1,371,1,2,5,0,2,1,1,1,0,0,24,11,0,13,0,0,449,6,443,0,1199,129,52,340,678,73,159,1,1,31,123,3,40,0,8,10,22,0,757,27,728,2,1221,922,16,279,0,2,2,90,2,0,4,84,7,1,1,0,5,82,79,3,652,0,6,86,186,374,587,1,576,0,2,5,0,0,3,1,1,0,0,75,31,0,42,1,1,821,10,806,5,3014,658,154,806,1396,176,557,2,0,107,433,15,107,3,13,11,80,0,1783,81,1693,9,2509,2144,41,297,2,16,9,220,5,0,3,212,6,0,0,0,6,59,59,0,473,1,0,28,136,308,505,1,472,13,3,9,0,0,7,0,0,0,0,67,48,2,15,1,1,1084,10,1071,3,1876,363,76,340,1097,141,349,0,1,93,241,14,45,0,6,15,24,0,1024,33,988,3,1351,1066,45,225,0,6,9,152,1,0,4,147,7,2,0,0,5,93,90,3,386,0,2,22,133,229,418,0,408,1,2,4,0,0,3,3,3,0,0,19,11,0,8,0,0,780,6,773,1,1342,173,38,438,693,126,495,0,2,99,381,13,53,1,5,10,37,0,773,39,732,2,1523,1176,40,299,0,3,5,131,2,0,4,125,3,3,0,0,0,180,175,5,922,0,3,68,333,518,898,0,847,5,11,20,0,6,9,13,12,1,0,477,252,10,201,2,12,2840,28,2766,46,8434,1922,664,1716,4132,341,1087,12,2,340,648,85,253,1,28,31,193,0,4163,88,4073,2,4214,3375,218,418,26,45,132,1100,16,1,41,1042,59690
01/04/2005,4,2,0,0,2,59,56,3,466,0,0,71,106,289,552,1,534,2,1,8,0,0,6,2,1,1,0,25,10,0,14,1,0,520,4,514,2,1267,237,46,231,753,122,193,0,0,40,149,4,48,0,7,11,30,0,949,38,895,16,1833,1137,30,660,0,3,3,135,6,0,7,122,7,0,0,0,7,22,21,1,410,0,0,23,95,292,391,0,387,1,0,3,0,0,0,2,2,0,0,20,7,0,12,0,1,491,3,486,2,1290,163,62,310,755,109,191,0,6,25,158,2,41,0,2,15,24,0,730,24,704,2,1250,924,41,270,0,4,11,80,6,0,9,65,1,0,0,0,1,76,67,9,619,0,7,54,178,380,665,1,648,5,0,6,0,0,5,4,3,1,0,67,19,0,45,1,2,889,4,884,1,3288,713,161,853,1561,201,709,0,3,129,555,22,134,3,22,24,85,0,1806,79,1716,11,2664,2128,48,470,4,4,10,261,11,0,9,241,5,1,2,0,2,68,63,5,530,1,0,43,124,362,621,1,596,11,2,8,0,0,3,2,2,0,0,81,63,0,12,1,5,974,10,961,3,2155,399,111,321,1324,132,301,0,1,71,217,12,81,0,7,42,32,0,1070,33,1028,9,1756,1189,55,500,0,5,7,149,0,0,8,141,4,2,0,0,2,58,56,2,375,0,1,21,93,260,474,1,456,0,0,13,0,0,4,2,1,1,0,24,14,0,9,1,0,704,5,698,1,1345,194,57,401,693,101,548,0,1,93,437,17,64,0,3,8,53,0,729,31,697,1,1575,1196,39,331,4,1,4,145,1,0,7,137,15,10,1,0,4,111,105,6,900,0,13,51,287,549,918,1,832,9,9,47,0,4,16,7,5,2,0,385,182,9,183,1,10,2480,41,2405,34,8750,1855,697,1893,4305,349,1257,9,3,361,803,81,270,1,34,39,196,0,3948,77,3864,7,4372,3343,227,559,16,45,182,1186,17,1,13,1155,61614
01/07/2005,4,0,1,0,3,52,49,3,545,0,0,69,138,338,548,1,529,2,3,7,0,0,6,1,0,1,0,13,4,1,7,0,1,586,5,580,1,1462,281,55,287,839,97,187,0,1,26,160,0,41,0,5,16,20,0,1078,40,1031,7,1904,1332,36,515,0,16,5,106,3,0,9,94,6,2,1,0,3,49,49,0,474,0,3,36,101,334,394,0,376,2,0,8,0,1,7,0,0,0,0,22,12,1,8,1,0,663,1,662,0,1565,169,82,413,901,73,207,0,3,29,168,7,35,0,6,5,24,0,873,40,832,1,1459,1076,41,315,0,13,14,110,2,0,6,102,7,1,2,0,4,76,70,6,678,0,19,57,176,426,768,0,743,0,2,15,0,0,8,2,2,0,0,60,12,1,45,0,2,1030,8,1020,2,3194,611,177,782,1624,170,794,0,6,98,669,21,177,35,18,25,99,0,1731,101,1626,4,3006,2497,74,389,1,32,13,223,5,0,8,210,8,3,1,0,4,55,52,3,530,0,1,36,133,360,543,1,510,15,1,13,0,0,3,3,1,2,0,54,26,0,25,1,2,1070,11,1054,5,2515,447,107,433,1528,101,1127,0,2,61,1051,13,72,1,10,12,49,0,1260,55,1195,10,1877,1317,84,466,0,1,9,136,5,0,3,128,3,3,0,0,0,65,64,1,446,1,2,26,97,320,439,1,414,4,1,14,0,0,5,0,0,0,0,38,17,1,20,0,0,770,14,756,0,1714,233,115,472,894,120,483,0,3,40,418,22,67,3,4,14,46,0,922,38,882,2,1807,1439,48,300,0,15,5,110,3,0,7,100,5,5,0,0,0,122,119,3,961,2,13,65,287,594,948,0,881,4,17,28,0,4,14,7,5,2,0,353,127,10,196,2,18,2451,26,2398,27,9007,1899,794,1778,4536,393,1383,5,0,356,932,90,338,2,41,46,249,0,4080,131,3941,8,5003,3599,257,914,13,57,163,1287,17,0,19,1251,67143
01/10/2005,3,1,0,0,2,54,52,2,570,0,0,66,114,390,707,2,690,1,1,7,0,0,6,1,1,0,0,17,8,1,7,0,1,565,9,556,0,1292,202,66,283,741,108,223,0,2,43,176,2,42,10,3,6,23,0,1107,56,1045,6,2017,1413,23,564,2,4,11,134,10,0,8,116,0,0,0,0,0,35,33,2,435,0,3,26,106,300,488,0,476,2,3,1,0,1,5,1,1,0,0,27,15,0,12,0,0,592,2,586,4,1396,183,56,405,752,65,233,1,3,29,194,6,61,10,3,11,37,0,964,31,932,1,1454,1173,37,228,1,7,8,106,5,0,5,96,5,3,2,0,0,43,42,1,652,0,9,60,160,423,786,1,764,3,1,13,0,0,4,0,0,0,0,65,21,0,41,1,2,995,4,985,6,3131,583,207,868,1473,154,627,0,0,89,520,18,138,7,37,16,78,0,1977,109,1863,5,2895,2485,48,312,0,29,21,207,8,1,4,194,2,1,0,0,1,43,41,2,455,0,0,31,104,320,662,2,630,15,2,8,0,0,5,2,2,0,0,89,55,4,28,0,2,1351,16,1333,2,2305,426,100,464,1315,131,391,0,2,74,301,14,55,5,7,3,40,0,1534,45,1485,4,1699,1383,59,241,2,7,7,132,1,0,5,126,5,1,0,0,4,78,76,2,473,0,0,31,92,350,511,0,504,0,0,5,0,0,2,4,4,0,0,31,19,0,11,1,0,1005,9,995,1,1595,208,70,529,788,82,518,0,4,68,433,13,70,13,3,12,42,0,915,33,878,4,1677,1359,33,269,1,4,11,151,1,1,4,145,10,8,2,0,0,109,107,2,848,2,13,45,276,512,1050,3,987,7,16,18,0,0,19,15,11,4,0,378,184,3,177,3,11,2764,38,2676,50,8670,1906,622,1870,4272,527,1107,5,2,326,715,59,294,8,35,37,214,0,4563,136,4424,3,4728,3620,263,366,12,46,421,1325,13,1,33,1278,66726
01/01/2006,3,2,0,0,1,45,43,2,500,0,1,70,141,288,586,1,569,0,2,7,0,0,7,3,3,0,0,24,11,2,7,0,4,536,5,530,1,1386,242,54,256,834,142,249,0,1,41,201,6,46,3,4,7,32,0,970,46,918,6,1412,1125,34,246,0,2,5,148,8,2,6,132,0,0,0,0,0,42,41,1,418,0,2,45,106,265,449,1,437,5,0,4,0,0,2,2,1,1,0,25,17,0,8,0,0,604,2,602,0,1507,201,50,366,890,93,200,0,0,26,164,10,28,0,3,5,20,0,902,40,860,2,1226,1033,31,153,0,2,7,145,12,2,2,129,8,1,0,0,7,92,89,3,702,1,6,76,215,404,697,0,682,0,0,12,0,0,3,4,4,0,0,58,20,0,36,0,2,875,11,862,2,3558,541,134,950,1933,169,556,0,4,80,462,10,124,1,18,20,85,0,2119,108,2005,6,2601,2237,56,270,5,17,16,286,7,1,8,270,7,1,0,0,6,77,75,2,513,1,2,63,136,311,622,1,581,17,1,16,0,0,6,7,6,1,0,70,52,0,15,0,3,1405,10,1389,6,2520,403,94,492,1531,113,429,0,4,79,325,21,72,0,7,13,52,0,1383,50,1328,5,1347,1131,55,140,2,3,16,183,14,1,6,162,4,0,1,0,3,76,74,2,445,0,4,34,111,296,493,1,481,0,3,7,0,0,1,1,1,0,0,33,18,0,14,0,1,928,11,917,0,1718,204,57,523,934,57,457,0,2,73,368,14,77,1,6,17,53,0,1023,28,990,5,1589,1176,45,349,0,9,10,190,7,3,7,173,10,8,0,0,2,126,115,11,1020,1,18,72,283,646,1033,2,974,6,10,28,0,4,9,6,5,1,0,424,217,6,184,1,16,2759,35,2693,31,8359,2046,470,1914,3929,410,1290,12,1,379,818,80,299,4,22,41,232,0,4533,80,4451,2,4340,3597,270,278,30,42,123,1349,14,0,19,1316,65337
01/04/2006,8,2,0,0,6,35,33,2,501,0,0,69,139,293,786,1,766,2,1,14,0,0,2,1,1,0,0,21,7,0,6,2,6,458,7,449,2,1354,229,48,328,749,72,320,1,0,58,259,2,57,2,8,14,33,0,1107,58,1042,7,1576,1328,31,209,1,4,3,142,2,0,11,129,4,1,0,0,3,35,33,2,398,0,0,38,96,264,564,1,552,5,2,1,0,0,3,1,1,0,0,32,8,0,23,1,0,379,2,377,0,1409,157,40,394,818,105,278,0,9,45,219,5,32,0,5,1,26,0,818,32,783,3,1255,1061,49,132,0,5,8,112,3,2,3,104,5,3,0,0,2,49,48,1,655,0,8,65,180,402,822,1,800,2,3,9,0,1,6,3,2,1,0,83,32,2,45,1,3,807,8,794,5,3237,517,165,873,1682,181,710,0,5,106,575,24,124,0,20,15,89,0,2002,96,1894,12,2878,2382,102,356,4,18,16,300,10,0,8,282,7,0,1,0,6,39,33,6,481,0,0,33,121,327,657,1,626,10,0,16,0,0,4,3,3,0,0,47,34,0,12,0,1,952,7,939,6,2515,381,86,462,1586,112,412,1,2,65,320,24,80,1,5,16,58,0,1274,49,1222,3,1463,1223,78,143,1,6,12,176,3,0,3,170,5,2,0,0,3,48,45,3,479,1,0,44,115,319,587,1,565,3,3,14,0,0,1,2,1,1,0,26,13,0,13,0,0,677,10,662,5,1695,222,60,496,917,91,564,1,5,70,480,8,87,0,8,14,65,0,1106,34,1070,2,1824,1382,56,370,0,7,9,193,6,0,6,181,11,6,1,0,4,103,98,5,956,1,8,64,278,605,1198,3,1115,5,15,32,0,5,23,10,9,1,0,440,210,6,210,0,14,2299,29,2237,33,8317,1922,516,1983,3896,393,1402,6,2,383,904,107,314,1,24,41,248,0,4376,100,4267,9,4817,3994,324,282,16,63,138,1494,23,1,29,1441,65448
01/07/2006,2,1,0,0,1,51,48,3,598,1,0,81,135,381,810,0,794,0,2,8,0,0,6,5,5,0,0,33,15,1,14,0,3,389,10,377,2,1461,244,50,345,822,133,245,1,4,49,188,3,56,5,4,10,37,0,1123,64,1053,6,1750,1528,42,160,0,16,4,150,7,0,10,133,3,0,1,0,2,28,26,2,508,0,0,50,108,350,697,1,678,2,0,12,0,2,2,1,1,0,0,25,4,3,16,2,0,572,5,564,3,1761,183,61,430,1087,91,282,0,5,32,241,4,51,3,4,5,38,1,1063,44,1014,5,1675,1433,54,171,0,7,10,119,4,1,5,109,18,6,2,0,10,56,56,0,782,0,8,91,225,458,1079,2,1056,4,2,9,0,0,6,2,2,0,0,63,9,0,50,1,3,895,8,884,3,3015,440,142,901,1532,163,566,2,13,85,446,20,170,3,33,24,110,0,2026,144,1877,5,3194,2757,96,310,3,10,18,275,14,0,19,242,2,1,0,0,1,41,39,2,537,0,0,45,134,358,776,1,749,13,1,10,0,0,2,3,3,0,0,61,43,0,16,0,2,954,11,939,4,2458,382,82,529,1465,127,701,1,6,83,592,19,68,2,6,8,52,0,1326,55,1267,4,1636,1420,57,134,0,7,18,160,8,1,5,146,2,1,0,0,1,63,59,4,551,0,0,53,117,381,673,0,648,2,4,11,0,0,8,0,0,0,0,44,24,1,18,0,1,804,14,787,3,1902,226,76,586,1014,76,454,1,5,63,371,14,85,1,9,12,63,0,1209,61,1146,2,2054,1570,54,401,0,22,7,144,3,0,11,130,9,6,2,0,1,105,98,7,1128,0,10,86,323,709,1155,1,1105,5,9,15,0,2,18,7,5,2,0,358,116,2,228,1,11,2233,33,2134,66,8367,1726,556,1957,4128,532,1350,7,4,457,795,87,386,3,26,47,310,0,4189,109,4070,10,4775,4029,319,192,22,73,140,1333,11,3,35,1284,68824
01/10/2006,5,2,0,0,3,42,38,4,693,1,0,90,174,428,924,2,909,0,4,3,0,0,6,4,3,1,0,33,19,1,13,0,0,483,11,472,0,1401,263,44,372,722,129,189,0,3,26,158,2,109,42,3,13,37,14,1171,51,1115,5,1845,1680,37,121,0,4,3,141,9,0,11,121,2,1,0,0,1,35,33,2,607,0,1,96,117,393,665,1,642,2,1,13,0,1,5,2,2,0,0,30,11,3,15,1,0,640,0,639,1,1581,222,40,397,922,80,281,0,1,54,221,5,66,23,2,8,32,1,1056,52,999,5,1577,1396,48,106,1,13,13,118,9,1,3,105,5,4,0,0,1,57,56,1,779,0,11,105,193,470,1126,0,1103,3,1,11,0,0,8,5,4,1,0,63,26,0,36,1,0,700,7,692,1,2988,513,140,867,1468,130,764,0,3,147,597,17,167,13,32,22,98,2,2051,123,1918,10,3403,2903,66,393,8,15,18,339,30,0,4,305,3,1,0,0,2,34,34,0,570,0,1,81,144,344,912,1,871,17,0,15,0,0,8,0,0,0,0,73,45,1,24,0,3,1151,12,1136,3,2251,414,80,508,1249,122,515,1,4,85,412,13,119,21,9,14,69,6,1454,48,1401,5,1749,1492,85,158,2,4,8,201,3,0,6,192,3,3,0,0,0,44,43,1,501,0,2,44,103,352,724,0,711,6,1,5,0,0,1,2,2,0,0,33,20,0,13,0,0,799,7,792,0,1507,202,62,468,775,68,645,0,4,98,512,31,119,20,4,24,67,4,1168,40,1125,3,2166,1619,49,477,2,9,10,178,9,0,8,161,12,10,0,0,2,92,88,4,1132,1,12,120,320,679,1245,1,1184,8,6,32,0,1,13,7,6,1,0,387,133,3,234,0,17,2489,29,2403,57,8227,1780,491,2054,3902,587,1360,9,5,430,833,83,383,12,36,33,295,7,4133,129,3991,13,4463,3739,317,157,10,59,181,1606,22,1,24,1559,69720
01/01/2007,5,0,0,0,5,45,38,7,594,0,2,111,111,370,775,0,758,0,3,5,0,0,9,6,5,1,0,35,15,1,16,3,0,508,11,492,5,1507,301,46,306,854,217,219,0,3,35,173,8,53,0,6,6,39,2,1279,54,1216,9,1646,1368,58,175,0,13,32,156,3,0,8,145,5,2,0,0,3,51,47,4,521,0,0,106,102,313,615,2,598,2,0,9,0,0,4,2,2,0,0,27,13,0,13,0,1,586,3,580,3,1506,198,44,405,859,140,291,0,2,68,211,10,49,0,8,10,30,1,951,31,919,1,1384,1231,58,72,0,5,18,130,1,1,5,123,1,0,0,0,1,73,66,7,777,0,11,113,180,473,915,2,889,4,3,13,0,1,3,3,3,0,0,85,37,1,46,0,1,659,0,654,5,3191,610,127,843,1611,215,704,0,6,144,530,24,149,1,24,18,106,0,2030,121,1903,6,2716,2260,65,296,10,9,76,364,70,0,10,284,7,2,0,0,5,62,61,1,532,0,2,82,121,327,867,1,817,24,1,18,0,0,6,3,2,1,0,77,40,0,31,1,5,1183,8,1172,3,2485,409,71,612,1393,199,397,0,1,78,301,17,81,1,3,7,70,0,1383,49,1325,9,1538,1311,104,104,1,4,14,219,2,0,6,211,4,2,0,0,2,48,44,4,586,0,3,83,118,382,670,1,639,1,0,24,0,0,5,3,3,0,0,31,16,1,14,0,0,741,8,728,5,1584,211,62,427,884,126,716,0,11,97,576,32,105,1,13,19,71,1,1164,57,1096,11,1921,1441,54,406,0,12,8,213,4,0,5,204,10,7,0,0,3,105,89,16,1112,1,22,140,291,658,1165,0,1104,6,4,29,0,2,20,7,7,0,0,318,120,4,184,2,8,2201,33,2116,52,7832,1724,388,1913,3807,663,1639,15,2,474,1058,90,297,2,35,31,229,0,3939,82,3846,11,4578,3819,321,147,19,78,194,1871,28,1,23,1819,67867
01/04/2007,3,1,1,0,1,50,47,3,670,0,4,100,146,420,879,0,838,2,1,29,0,0,9,5,5,0,0,34,14,0,17,1,2,509,3,503,3,1571,306,35,323,907,160,362,0,3,36,308,15,74,0,3,17,54,0,1173,70,1098,5,1676,1482,78,101,1,10,4,162,8,0,9,145,6,2,0,0,4,38,37,1,543,0,1,89,94,359,596,0,558,8,1,27,0,0,2,2,1,1,0,18,5,0,12,1,0,539,1,538,0,1684,210,27,422,1025,98,319,0,12,48,251,8,61,0,2,10,49,0,990,54,929,7,1634,1412,69,128,0,16,9,146,4,0,1,141,8,4,1,0,3,51,48,3,833,0,9,119,185,520,877,1,834,11,0,24,0,0,7,4,3,1,0,55,15,0,38,1,1,728,8,712,8,2860,427,103,803,1527,153,825,0,10,141,655,19,141,2,28,13,97,1,2072,152,1899,21,3303,2697,93,470,14,20,9,353,34,1,10,308,5,1,0,0,4,41,41,0,596,0,2,75,139,380,826,2,757,28,4,29,0,0,6,4,4,0,0,48,19,0,28,0,1,890,7,878,5,2519,424,75,460,1560,150,551,0,3,82,439,27,89,0,6,15,68,0,1420,74,1339,7,1779,1536,127,105,0,6,5,201,3,0,2,196,10,5,2,0,3,52,48,4,546,0,3,58,102,383,701,3,643,6,11,26,0,0,12,1,1,0,0,26,6,1,18,0,1,618,8,607,3,1698,208,43,510,937,96,666,2,7,76,567,14,85,0,7,13,65,0,1130,42,1082,6,2206,1705,67,414,0,8,12,204,13,0,9,182,12,9,1,0,2,105,98,7,1173,0,13,133,331,696,1435,3,1350,9,10,39,0,1,23,10,9,1,0,287,91,3,187,3,3,1803,19,1736,48,8509,1678,411,2184,4236,647,2139,8,6,533,1470,122,379,7,33,43,296,0,3990,155,3822,13,4733,4009,361,151,20,101,91,1655,18,2,8,1627,70300
01/07/2007,3,2,0,0,1,46,44,2,668,0,5,91,150,422,832,1,804,2,2,18,0,0,5,4,4,0,0,37,18,0,17,1,1,494,10,483,1,1471,276,38,306,851,211,319,0,3,46,262,8,66,0,7,10,46,3,1229,65,1158,6,1823,1626,93,84,0,10,10,152,5,0,4,143,4,2,0,0,2,36,32,4,546,0,2,83,118,343,643,2,601,6,1,30,0,0,3,1,1,0,0,35,5,1,28,0,1,606,6,599,1,1808,208,81,396,1123,168,386,2,13,38,325,8,62,0,0,8,52,2,1055,38,1005,12,1740,1559,70,77,1,13,20,126,5,0,5,116,4,2,0,1,1,66,59,7,820,0,16,89,207,508,866,1,820,9,2,28,1,0,5,2,2,0,0,60,17,0,41,0,2,771,4,761,6,2841,443,86,830,1482,212,821,1,13,135,646,26,193,1,32,22,136,2,1799,149,1645,5,3415,2777,113,475,5,29,16,354,27,0,5,322,7,7,0,0,0,52,46,6,717,0,2,74,142,499,877,1,813,29,4,26,0,0,4,3,2,1,0,57,24,0,30,1,2,1052,18,1033,1,2595,478,84,534,1499,229,1209,0,8,119,1061,21,111,0,8,11,82,10,1416,66,1343,7,1771,1552,93,112,1,5,8,188,10,1,1,176,5,2,0,0,3,48,46,2,598,1,2,74,123,398,697,0,648,7,2,35,0,0,5,2,2,0,0,30,11,0,18,0,1,650,10,637,3,1829,263,47,494,1025,102,524,1,14,82,407,20,101,0,7,10,83,1,1161,56,1100,5,2372,1691,65,590,0,20,6,173,5,0,2,166,7,7,0,0,0,107,96,11,1136,1,22,140,248,725,1476,2,1381,8,5,49,0,5,26,14,10,4,0,346,110,1,222,2,11,2225,26,2125,74,8851,1723,465,2111,4552,563,1932,9,7,460,1361,95,387,5,30,41,309,2,3953,113,3829,11,4675,4045,372,142,15,45,56,1636,82,3,26,1525,72679
01/10/2007,3,3,0,0,0,51,48,3,739,1,4,114,135,485,740,0,718,0,3,15,0,0,4,3,2,1,0,35,20,0,9,2,4,583,3,580,0,1427,252,29,330,816,121,316,1,5,47,249,14,116,0,6,7,48,55,1323,71,1244,8,1925,1728,74,110,1,7,5,139,9,0,3,127,1,1,0,0,0,34,34,0,554,0,3,73,97,381,586,1,552,11,1,12,0,0,9,3,2,1,0,13,1,0,11,1,0,652,4,645,3,1463,162,34,386,881,152,289,1,4,43,235,6,87,0,2,12,54,19,993,49,942,2,1712,1544,50,101,0,13,4,163,3,1,6,153,7,5,2,0,0,39,35,4,905,0,13,112,205,575,952,1,898,19,0,26,0,0,8,6,6,0,0,76,23,0,49,0,4,825,6,817,2,2872,529,84,835,1424,194,834,0,6,139,666,23,193,2,29,22,104,36,1954,132,1810,12,3383,2890,96,346,8,22,21,386,30,0,15,341,4,1,0,0,3,41,38,3,655,1,3,76,134,441,828,0,755,38,2,23,0,0,10,4,4,0,0,57,32,1,22,1,1,1304,16,1284,4,2607,481,59,533,1534,235,551,1,11,98,433,8,155,0,6,21,90,38,1595,94,1495,6,1743,1505,119,104,0,7,8,219,2,0,2,215,4,3,0,0,1,31,27,4,582,0,5,81,124,372,666,0,632,10,2,17,0,0,5,6,4,2,0,21,15,0,6,0,0,715,6,707,2,1691,239,36,509,907,166,608,0,4,85,497,22,141,0,6,13,90,32,1106,70,1029,7,1973,1672,69,226,0,3,3,187,4,0,1,182,7,7,0,0,0,94,86,8,1262,0,12,137,308,805,1525,1,1415,30,6,35,0,12,26,8,6,2,0,363,147,6,199,0,11,2761,37,2665,59,8786,1771,466,2393,4156,641,1936,13,7,498,1326,92,420,4,25,45,309,37,4179,154,4012,13,4937,4337,333,100,13,82,72,1600,32,0,27,1541,73263
01/01/2008,3,2,0,0,1,49,47,2,709,0,8,127,129,445,703,3,666,9,4,10,0,0,11,2,1,1,0,28,11,0,15,1,1,592,6,585,1,1400,251,24,365,760,136,322,0,6,39,268,9,57,0,6,6,44,1,1363,75,1277,11,1834,1586,75,159,2,7,5,162,14,0,8,140,3,1,0,0,2,31,31,0,604,0,1,128,108,367,609,2,557,16,1,22,1,0,10,1,1,0,0,24,9,0,15,0,0,599,3,594,2,1515,190,32,334,959,138,308,0,4,52,243,9,63,0,6,7,50,0,1010,56,951,3,1737,1501,64,150,0,14,8,159,5,0,4,150,5,3,1,0,1,59,54,5,956,0,11,146,213,586,940,2,887,11,2,23,0,0,15,3,2,1,0,105,31,0,65,5,4,777,15,753,9,3114,490,85,771,1768,257,956,1,7,178,746,24,183,0,24,13,143,3,2081,184,1875,22,3000,2533,128,314,2,6,17,487,61,1,6,419,3,0,0,0,3,43,39,4,619,0,3,104,111,401,799,0,724,42,2,20,0,0,11,3,2,1,0,52,28,2,18,0,4,1232,6,1220,6,2246,443,61,494,1248,153,702,1,2,140,542,17,96,1,4,7,83,1,1481,77,1390,14,1688,1417,135,123,0,3,10,263,10,0,4,249,2,0,0,0,2,52,47,5,598,0,8,84,134,372,658,1,618,23,0,9,0,0,7,3,3,0,0,34,21,0,12,1,0,693,10,683,0,1713,222,31,510,950,116,666,0,4,86,551,25,108,0,5,17,84,2,1226,63,1157,6,1811,1560,74,170,0,4,3,211,8,0,7,196,7,7,0,0,0,203,199,4,1267,0,21,171,284,791,1481,0,1372,33,3,34,0,8,31,6,5,1,0,412,167,2,229,0,14,2738,42,2602,94,8842,1981,528,2315,4018,602,2287,18,6,628,1543,92,423,5,24,43,349,2,4587,72,4504,11,5321,4604,430,162,33,41,51,1936,25,1,18,1892,74467
01/04/2008,3,1,0,0,2,47,44,3,802,0,3,141,126,532,737,1,712,7,0,12,1,0,4,6,6,0,0,21,5,1,12,0,3,538,9,529,0,1607,275,23,358,951,160,381,0,3,59,309,10,89,1,7,10,71,0,1271,80,1173,18,1755,1515,91,130,3,11,5,176,10,0,12,154,1,0,0,0,1,38,37,1,655,0,5,138,109,403,626,1,569,11,1,41,0,1,2,1,0,1,0,23,2,0,19,0,2,539,3,532,4,1665,181,27,384,1073,153,372,1,14,52,297,8,48,0,2,8,38,0,1118,78,1031,9,1653,1449,78,110,1,8,7,193,6,0,3,184,6,3,1,0,2,72,69,3,904,0,21,134,183,566,926,1,863,27,6,24,0,0,5,2,2,0,0,76,19,1,51,2,3,828,10,810,8,3182,523,67,851,1741,281,1033,0,8,170,831,24,155,0,12,16,125,2,2009,173,1815,21,3400,2895,158,306,2,29,10,394,34,0,7,353,6,2,0,0,4,45,43,2,716,2,4,77,144,489,801,1,723,34,1,35,0,0,7,2,1,1,0,53,31,1,16,3,2,969,15,947,7,2691,483,61,543,1604,184,756,0,3,131,593,29,90,0,3,16,71,0,1542,115,1419,8,1639,1387,147,94,0,6,5,288,5,1,2,280,7,1,1,0,5,38,34,4,645,0,3,83,145,414,560,1,504,17,2,33,0,0,3,0,0,0,0,20,10,0,9,0,1,727,11,712,4,1852,222,61,562,1007,111,625,5,7,90,508,15,116,0,5,16,92,3,1146,53,1081,12,1791,1530,89,153,3,9,7,207,7,0,1,199,2,1,1,0,0,100,93,7,1264,1,21,158,289,795,1372,0,1246,59,6,26,0,14,21,5,5,0,0,359,126,2,209,1,21,2238,35,2121,82,9084,1885,820,2407,3972,546,2550,6,7,584,1858,95,452,9,20,57,364,2,4246,78,4154,14,5484,4727,466,163,39,45,44,2252,63,3,14,2172,75527
01/07/2008,1,0,0,0,1,43,42,1,771,1,4,137,108,521,656,0,621,10,0,15,0,0,10,0,0,0,0,28,9,2,11,1,5,517,2,512,3,1674,335,30,350,959,162,361,0,9,32,314,6,74,0,5,11,50,8,1224,88,1125,11,1835,1622,80,121,2,8,2,165,5,0,8,152,6,2,0,0,4,32,30,2,610,0,3,95,108,404,494,1,471,3,0,16,0,0,3,1,1,0,0,21,5,0,16,0,0,588,4,584,0,1698,285,54,437,922,154,434,1,12,58,352,11,79,1,5,14,56,3,1078,58,1007,13,1897,1638,97,146,2,13,1,163,8,0,5,150,1,1,0,0,0,68,65,3,954,1,10,118,184,641,830,0,758,37,6,26,0,0,3,6,6,0,0,89,22,0,61,2,4,860,20,835,5,3064,532,87,850,1595,201,1091,0,19,169,883,20,183,2,6,28,142,5,1966,162,1795,9,3278,2805,143,293,4,27,6,439,22,1,9,407,1,0,0,0,1,52,49,3,759,0,4,78,147,530,718,0,637,47,1,25,0,0,8,2,2,0,0,47,27,2,14,1,3,1064,6,1051,7,2703,573,55,568,1507,162,1387,1,12,176,1177,21,108,1,5,17,81,4,1557,99,1444,14,1700,1436,128,112,0,15,9,255,5,1,5,244,2,0,0,0,2,30,29,1,561,0,2,65,103,391,602,0,543,30,0,23,0,0,6,4,3,1,0,43,17,0,21,2,3,665,5,658,2,1838,282,37,531,988,103,748,1,15,78,625,29,110,3,7,22,76,2,1077,65,1008,4,1782,1557,86,121,1,10,7,198,7,0,0,191,9,9,0,0,0,111,99,12,1176,4,21,143,251,757,1260,1,1106,74,6,40,0,9,24,8,4,0,4,339,102,8,210,0,19,2052,26,1914,112,8371,1688,485,2303,3895,535,2812,15,24,596,2080,97,473,7,28,57,373,8,3753,70,3675,8,5332,4639,431,162,9,43,48,2437,25,1,16,2395,74742
01/10/2008,3,1,0,0,2,36,33,3,666,0,1,97,105,463,681,0,648,10,3,16,0,0,4,4,4,0,0,27,11,0,15,0,1,529,8,518,3,1590,305,37,389,859,165,324,1,11,39,263,10,131,3,6,6,40,76,1216,71,1136,9,1831,1669,65,88,5,2,2,138,6,0,9,123,1,1,0,0,0,23,23,0,600,0,3,108,112,377,548,0,504,21,0,10,0,1,12,1,1,0,0,23,8,0,12,1,2,631,7,620,4,1709,267,32,474,936,127,337,0,7,52,266,12,95,0,2,6,53,34,1025,70,944,11,1702,1497,71,125,1,5,3,169,1,1,5,162,4,4,0,0,0,68,61,7,911,0,16,120,227,548,928,1,849,42,1,27,0,0,8,1,1,0,0,74,24,0,45,0,5,832,16,811,5,2825,441,88,933,1363,181,1074,0,9,175,868,22,184,1,9,7,128,39,2011,134,1857,20,3146,2765,105,240,2,26,8,396,32,0,6,358,2,1,0,0,1,41,41,0,663,0,1,103,106,453,709,0,643,37,0,21,0,0,8,4,4,0,0,63,44,1,18,0,0,1280,21,1252,7,2680,485,67,555,1573,168,643,1,9,130,469,34,157,6,9,16,76,50,1623,92,1520,11,1692,1490,111,78,0,10,3,241,3,0,0,238,3,3,0,0,0,45,42,3,539,1,4,59,124,351,628,0,560,47,0,14,0,0,7,3,1,2,0,35,21,0,13,0,1,843,11,829,3,1743,269,61,507,906,116,757,1,10,103,620,23,107,2,1,16,70,18,1051,52,987,12,1641,1438,52,129,6,9,7,218,6,1,4,207,8,7,1,0,0,80,76,4,1201,0,23,139,300,739,1321,1,1159,81,5,44,0,8,23,9,4,2,3,303,119,4,160,2,18,2351,34,2261,56,8055,1699,433,2307,3616,499,2478,14,10,484,1887,83,435,8,23,41,320,43,3965,90,3868,7,4871,4159,371,195,19,64,63,1708,27,1,17,1663,71946
01/01/2009,1,0,0,0,1,55,54,1,651,0,5,127,113,406,628,3,597,6,3,15,0,0,4,5,4,0,1,29,12,0,14,2,1,573,10,555,8,1386,272,28,346,740,165,317,0,6,39,259,13,73,1,5,6,60,1,1011,83,918,10,1521,1344,77,92,0,5,3,193,5,2,4,182,1,0,0,0,1,40,38,2,576,0,1,109,105,361,476,1,430,17,1,22,0,0,5,3,3,0,0,24,12,0,11,1,0,524,10,513,1,1565,196,30,412,927,133,321,0,8,55,254,4,66,2,5,14,43,2,918,79,832,7,1612,1421,64,103,2,17,5,190,3,0,1,186,7,3,2,0,2,79,73,6,919,0,9,131,176,603,699,2,632,35,0,21,0,0,9,5,5,0,0,73,28,0,42,0,3,812,15,790,7,3059,529,74,955,1501,232,1085,2,4,154,889,36,159,0,11,5,139,4,2086,194,1876,16,2897,2540,131,202,3,16,5,423,15,0,6,402,2,0,0,0,2,83,74,9,683,0,3,102,126,452,652,0,538,56,0,39,0,0,19,7,4,1,2,97,69,1,25,0,2,1100,16,1081,3,2641,547,37,615,1442,194,720,0,9,124,556,31,119,1,7,16,93,2,1574,129,1434,11,1604,1369,121,100,1,5,8,276,15,0,6,255,2,0,0,0,2,59,57,2,546,0,8,90,100,348,599,0,507,63,2,21,0,0,6,1,1,0,0,46,22,0,20,2,2,794,16,772,6,1846,266,49,495,1036,120,814,0,12,99,680,23,120,1,9,12,98,0,1075,98,971,6,1486,1260,81,134,4,4,3,196,12,0,2,182,12,12,0,0,0,126,122,4,1168,2,27,125,274,740,1188,2,1031,79,18,32,0,6,20,19,10,1,8,408,189,5,196,0,18,2548,31,2460,57,8176,1775,441,2210,3750,507,2366,16,14,513,1720,103,429,6,35,48,338,2,4250,164,4081,5,4656,3943,415,194,19,51,34,2004,121,0,22,1861,70905
01/04/2009,3,0,0,0,3,82,77,5,652,0,1,109,119,423,597,0,561,12,0,17,1,0,6,3,2,0,1,18,6,1,11,0,0,572,13,549,10,1544,304,21,344,875,158,461,0,10,33,405,13,81,1,7,17,55,1,1119,90,1010,19,1764,1537,92,123,0,6,6,159,7,0,4,148,5,1,0,0,4,38,37,1,562,0,3,86,132,341,495,1,466,10,0,14,0,0,4,2,1,0,1,21,6,0,14,0,1,595,6,583,6,1724,203,32,410,1079,124,316,0,4,66,236,10,65,1,3,3,58,0,1021,89,925,7,1888,1654,74,141,2,9,8,219,8,0,5,206,6,3,0,0,3,64,56,8,908,0,15,109,195,589,730,0,656,52,2,13,0,0,7,4,3,0,1,81,20,0,56,0,5,863,14,843,6,3083,461,70,909,1643,210,1086,0,23,168,862,33,149,1,8,16,122,2,1922,182,1726,14,3010,2643,119,218,2,23,5,414,37,2,8,367,3,3,0,0,0,49,45,4,721,0,4,112,128,477,656,0,580,40,1,21,1,0,13,3,3,0,0,91,55,0,33,0,3,1086,10,1065,11,2924,511,64,650,1699,178,704,0,4,104,579,17,118,1,13,14,89,1,1522,145,1364,13,1659,1425,144,69,0,11,10,269,11,1,1,256,3,2,0,0,1,45,42,3,591,0,2,70,130,389,541,2,462,41,3,28,0,0,5,4,3,1,0,38,18,0,18,0,2,785,12,766,7,1909,268,54,582,1005,114,753,1,13,95,608,36,86,0,9,8,68,1,1086,86,994,6,1777,1539,103,111,0,8,16,209,5,0,0,204,9,7,1,0,1,108,99,9,1294,1,30,158,288,817,1226,1,1044,102,5,43,0,6,25,22,7,1,14,327,135,2,172,3,15,2344,26,2233,85,8801,1616,419,2471,4295,527,2470,7,11,585,1757,110,433,3,27,43,359,1,4222,193,4016,13,4826,4102,465,170,17,38,34,1867,66,0,19,1782,73218
01/07/2009,1,0,0,0,1,69,68,1,686,0,6,118,115,447,547,2,501,9,2,22,0,0,11,4,2,1,1,27,8,0,15,2,2,580,9,568,3,1614,242,21,389,962,156,376,0,5,43,319,9,74,2,5,8,54,5,1117,93,1011,13,1752,1498,92,143,1,15,3,160,6,0,3,151,3,3,0,0,0,28,27,1,605,0,0,99,122,384,426,0,389,14,2,16,0,0,5,2,2,0,0,18,3,0,15,0,0,796,9,781,6,1663,196,38,388,1041,114,323,0,11,44,253,15,87,1,8,10,66,2,1034,75,956,3,1945,1706,87,128,0,13,11,189,11,0,6,172,3,1,0,0,2,65,62,3,908,0,16,117,200,575,626,1,573,35,4,10,0,0,3,8,7,1,0,78,9,1,62,0,6,941,8,922,11,2979,446,67,989,1477,175,918,0,23,162,697,36,181,1,14,18,143,5,1731,183,1542,6,3110,2723,130,219,8,20,10,381,47,0,9,325,2,1,0,0,1,46,41,5,665,1,5,100,119,440,562,1,495,27,3,28,0,0,8,4,2,1,1,67,38,2,24,2,1,1316,17,1293,6,2756,507,47,578,1624,154,1101,0,13,157,902,29,115,1,3,19,88,4,1525,136,1380,9,1590,1372,127,75,2,9,5,212,6,0,3,203,2,1,0,0,1,39,36,3,673,0,7,72,124,470,494,1,415,39,1,32,0,0,6,2,1,0,1,49,23,0,22,1,3,955,15,938,2,2023,264,41,563,1155,128,667,5,12,103,518,29,111,0,4,14,87,6,1190,112,1074,4,1929,1630,136,115,0,42,6,228,13,0,6,209,6,6,0,0,0,91,86,5,1226,2,22,129,289,784,1066,0,915,90,6,25,1,7,22,21,7,2,12,350,113,3,214,0,20,2622,34,2503,85,8962,1596,437,2239,4690,450,2601,4,16,564,1921,96,452,10,22,44,373,3,4043,212,3824,7,4423,3812,414,135,6,31,25,1663,53,0,13,1597,73081
01/10/2009,2,1,0,0,1,53,51,2,610,0,10,106,120,374,422,1,401,9,0,6,0,0,5,1,1,0,0,26,11,1,9,4,1,577,21,546,10,1373,231,22,363,757,111,321,0,6,53,251,11,114,2,6,10,47,49,905,73,820,12,1700,1494,102,96,0,6,2,126,7,0,7,112,3,2,0,0,1,30,25,5,534,0,3,87,82,362,398,0,362,18,1,10,0,0,7,3,2,1,0,32,10,0,20,2,0,655,12,641,2,1400,164,24,400,812,139,297,0,10,59,222,6,120,2,0,4,53,61,880,88,786,6,1722,1510,70,114,1,23,4,186,8,0,3,175,1,1,0,0,0,58,56,2,768,0,9,82,159,518,614,0,571,22,1,13,0,0,7,3,3,0,0,61,22,1,36,1,1,772,10,759,3,2938,469,99,940,1430,144,860,0,22,178,632,28,183,2,8,13,118,42,1631,154,1468,9,2837,2476,120,203,9,18,11,383,69,0,7,307,4,4,0,0,0,35,32,3,648,0,2,99,118,429,492,0,445,15,1,26,0,0,5,3,3,0,0,86,48,2,33,1,2,1208,19,1181,8,2568,428,52,578,1510,167,486,0,7,98,363,18,149,1,3,19,65,61,1442,89,1346,7,1584,1376,105,89,1,9,4,245,3,0,7,235,3,2,1,0,0,48,41,7,633,0,9,75,129,420,422,0,373,26,1,12,0,0,10,2,1,1,0,37,14,0,21,1,1,679,8,668,3,1723,235,51,586,851,101,579,1,13,89,451,25,129,0,1,8,79,41,1065,82,978,5,1667,1449,67,137,3,8,3,251,17,0,2,232,4,3,0,0,1,90,83,7,1126,1,28,129,270,698,976,0,827,74,8,34,0,2,31,15,7,2,6,407,159,5,227,1,15,3213,27,3103,83,8374,1403,473,2253,4245,446,2040,10,17,444,1483,86,451,6,13,52,288,92,3961,195,3763,3,4392,3646,457,174,12,65,38,1455,26,0,7,1422,67399
01/01/2010,5,2,0,0,3,79,73,6,583,1,7,109,112,354,435,0,398,6,5,17,0,0,9,2,0,0,2,35,12,0,20,0,3,487,19,463,5,1328,220,24,349,735,157,305,0,5,33,259,8,63,2,3,9,49,0,900,57,832,11,1392,1228,64,91,1,5,3,186,6,0,7,173,1,0,0,0,1,97,91,6,531,0,7,98,109,317,374,2,329,12,0,26,0,0,5,3,3,0,0,28,17,0,9,1,1,566,7,552,7,1501,163,36,345,957,144,324,1,5,66,240,12,61,0,3,11,43,4,864,53,805,6,1658,1450,72,122,4,2,8,178,11,0,2,165,3,2,0,0,1,118,112,6,736,0,12,111,151,462,608,1,526,36,2,34,0,0,9,6,3,3,0,92,38,0,51,2,1,776,8,763,5,2958,429,81,907,1541,174,865,0,13,154,676,22,144,2,7,16,115,4,1664,130,1519,15,2535,2245,83,177,10,7,13,312,26,0,4,282,4,0,1,0,3,78,75,3,586,0,6,98,119,363,410,0,365,11,2,19,0,1,12,3,2,1,0,97,62,1,31,0,3,1214,13,1191,10,2477,429,47,508,1493,187,448,0,13,97,317,21,92,0,9,16,65,2,1314,88,1216,10,1413,1131,124,89,4,60,5,271,9,0,1,261,2,2,0,0,0,74,69,5,521,0,11,75,115,320,369,1,313,28,1,22,0,0,4,3,2,0,1,32,18,0,13,0,1,780,11,767,2,1890,195,39,576,1080,148,590,1,10,113,449,17,80,0,3,11,63,3,1017,78,926,13,1367,1145,80,126,2,9,5,246,11,2,4,229,12,10,1,0,1,242,231,11,1312,0,42,156,294,820,883,2,703,79,0,70,0,0,29,16,12,1,3,549,181,4,342,2,20,2335,30,2248,57,8195,1461,522,2320,3892,514,2203,7,19,584,1503,90,437,5,24,41,363,4,3875,140,3730,5,4117,3502,377,178,3,32,25,1786,35,3,9,1739,65467
01/04/2010,3,0,0,0,3,82,75,7,642,0,15,100,129,398,404,1,377,8,3,10,0,0,5,4,2,1,1,33,10,2,18,1,2,592,9,581,2,1573,285,22,366,900,171,405,0,11,33,347,14,87,2,2,16,63,4,1027,69,946,12,1605,1407,84,101,3,7,3,181,19,0,1,161,1,0,0,0,1,79,70,9,529,0,8,83,80,358,404,0,360,12,0,25,1,0,6,4,3,0,1,27,9,0,13,2,3,644,5,631,8,1489,149,22,384,934,132,319,1,19,60,229,10,62,1,2,9,49,1,911,77,827,7,1810,1569,92,124,3,4,18,215,6,1,0,208,5,3,1,0,1,135,131,4,897,0,25,109,166,597,668,0,581,39,3,33,0,0,12,4,3,0,1,76,17,0,53,2,4,825,11,805,9,2848,401,75,961,1411,158,1030,0,35,161,805,29,188,1,11,9,166,1,1677,140,1511,26,3092,2707,151,190,17,14,13,314,29,1,3,281,5,2,0,0,3,111,102,9,712,0,15,96,136,465,477,1,410,24,0,35,0,0,7,7,4,1,2,80,44,2,29,1,4,1070,21,1036,13,2724,421,63,570,1670,173,707,0,17,117,540,33,129,0,10,13,105,1,1434,127,1294,13,1504,1252,152,84,0,9,7,296,9,0,0,287,2,1,0,0,1,63,56,7,569,0,5,65,124,375,395,1,363,17,0,11,0,0,3,6,3,2,1,47,23,0,21,0,3,710,5,700,5,1928,240,40,636,1012,119,663,1,13,117,512,20,98,1,5,12,80,0,1109,121,977,11,1729,1489,110,109,6,7,8,287,4,0,2,281,7,6,0,0,1,188,168,20,1259,1,42,117,309,790,909,3,792,56,6,35,0,2,15,19,11,0,8,502,135,2,349,0,16,2409,21,2282,106,9487,1389,528,2640,4930,503,2359,3,34,540,1670,112,462,8,17,31,406,0,3930,159,3764,7,4648,3842,549,142,23,45,47,1739,50,1,6,1682,70927
01/07/2010,2,1,1,0,0,122,111,11,696,0,7,105,134,450,394,1,368,6,4,6,0,0,9,2,2,0,0,33,14,0,16,1,2,521,7,510,4,1444,218,21,311,894,175,325,2,11,42,266,4,60,1,6,8,40,5,955,58,890,7,1656,1416,102,111,6,8,13,189,19,0,8,162,2,0,0,0,2,54,50,4,538,0,7,94,92,345,359,1,333,10,3,7,1,0,4,3,2,0,1,27,5,0,19,3,0,593,6,585,2,1600,172,33,393,1002,121,342,0,25,63,245,9,68,0,4,8,53,3,799,60,734,5,1821,1622,86,93,3,12,5,170,9,0,3,158,5,1,0,0,4,143,135,8,898,1,11,119,196,571,579,1,528,27,2,13,0,0,8,4,1,3,0,99,23,0,75,0,1,744,10,729,5,2995,358,74,1090,1473,165,978,0,53,171,719,35,161,2,3,10,137,9,1687,138,1543,6,3388,3028,132,168,25,17,18,378,30,1,6,341,3,2,1,0,0,76,60,16,654,0,5,100,130,419,481,0,423,26,1,12,2,0,17,4,3,0,1,79,40,1,33,0,5,1041,15,1019,7,3050,442,67,602,1939,142,1045,0,19,163,845,18,110,0,4,10,83,13,1556,135,1414,7,1651,1378,147,99,1,15,11,251,5,2,2,242,0,0,0,0,0,106,97,9,625,0,14,67,137,407,422,0,380,17,1,9,3,0,12,6,5,0,1,35,12,0,21,1,1,803,7,791,5,1953,193,35,551,1174,122,714,0,31,140,519,24,87,2,3,6,69,7,1079,57,1013,9,1742,1519,114,84,3,15,7,235,2,0,0,233,7,7,0,0,0,129,113,16,1231,1,46,121,308,755,800,0,705,49,9,18,2,3,14,9,2,2,5,445,95,4,328,0,18,2347,34,2197,116,8986,1410,460,2333,4783,520,2202,7,55,579,1447,114,461,2,17,50,381,11,3711,192,3508,11,4393,3730,447,113,19,43,41,1475,23,1,7,1444,70083
01/10/2010,4,2,0,0,2,45,44,1,545,0,7,79,99,360,351,1,331,5,1,3,0,0,10,6,5,1,0,44,13,1,28,1,1,532,12,514,6,1273,208,23,308,734,125,303,0,8,41,244,10,157,3,2,10,56,86,992,79,908,5,1515,1344,71,73,9,11,7,138,5,0,3,130,0,0,0,0,0,42,36,6,480,0,5,71,99,305,331,0,310,7,0,8,0,0,6,2,2,0,0,18,8,0,10,0,0,540,3,532,5,1321,161,20,365,775,128,281,0,13,72,187,9,91,0,2,8,35,46,751,54,691,6,1564,1399,67,76,4,12,6,198,6,0,3,189,7,6,0,0,1,74,65,9,812,0,13,75,159,565,514,1,463,31,1,5,0,0,13,4,1,2,1,86,24,0,56,3,3,830,9,811,10,2735,411,79,951,1294,155,851,0,37,153,635,26,212,1,5,48,106,52,1739,151,1577,11,3086,2715,113,196,30,16,16,342,22,0,9,311,2,0,0,0,2,59,51,8,584,0,9,86,143,346,398,0,363,17,0,3,0,0,15,7,6,1,0,81,48,2,24,3,4,1179,23,1142,14,2464,384,35,599,1446,150,447,0,23,83,327,14,147,1,7,8,84,47,1440,119,1314,7,1551,1305,128,95,1,12,10,246,2,1,3,240,1,0,0,0,1,55,55,0,551,0,8,60,107,376,360,0,331,23,0,0,0,0,6,1,1,0,0,50,25,0,20,0,5,759,6,750,3,1720,185,30,568,937,80,514,1,20,96,383,14,134,4,6,8,68,48,998,65,928,5,1566,1389,77,77,1,17,5,253,7,2,6,238,6,6,0,0,0,115,103,12,1212,2,34,104,265,807,768,1,630,56,10,34,0,0,37,9,6,2,1,601,212,2,366,0,21,3123,41,2979,103,8887,1486,495,2258,4648,525,1784,5,49,481,1158,91,508,3,22,47,361,75,3940,241,3696,3,4138,3534,364,108,27,50,55,1510,20,3,6,1481,66147
01/01/2011,2,1,0,0,1,66,61,5,596,1,5,86,130,374,365,0,344,6,2,4,0,0,9,1,1,0,0,31,17,0,10,2,2,549,9,532,8,1418,244,21,355,798,142,300,0,11,46,236,7,70,2,5,7,53,3,925,60,858,7,1471,1300,78,81,0,7,5,131,11,0,5,115,4,3,0,0,1,71,70,1,483,0,5,74,109,295,320,2,299,7,0,5,0,0,7,3,1,0,2,19,7,0,10,1,1,509,8,495,6,1305,145,16,326,818,143,277,0,13,70,187,7,50,1,2,5,41,1,746,51,681,14,1349,1204,69,63,5,3,5,209,11,0,4,194,8,6,0,0,2,124,116,8,722,0,20,84,139,479,511,1,443,34,6,17,0,0,10,7,4,1,2,82,14,0,63,1,4,866,8,845,13,3050,478,55,906,1611,181,809,0,17,185,589,18,150,1,6,20,121,2,1732,119,1590,23,2924,2579,127,176,29,6,7,391,50,0,7,334,4,1,1,0,2,81,76,5,643,0,7,96,139,401,357,1,328,9,0,13,0,0,6,1,1,0,0,83,45,0,33,1,4,1291,16,1257,18,2784,496,48,491,1749,259,434,0,20,112,291,11,88,3,8,12,65,0,1346,89,1250,7,1399,1165,125,87,2,13,7,300,10,0,0,290,2,0,0,0,2,74,71,3,576,0,10,70,110,386,355,0,320,18,2,12,1,0,2,4,3,1,0,47,20,0,24,1,2,721,16,702,3,1849,183,36,530,1100,113,503,0,11,91,378,23,84,1,0,7,72,4,1002,70,924,8,1460,1246,116,92,0,4,2,301,21,1,3,276,4,2,1,0,1,166,147,19,1359,1,61,147,308,842,712,1,612,57,7,15,0,0,20,12,8,1,3,546,197,9,317,2,21,2808,40,2674,94,9162,1493,681,2078,4910,727,1900,11,30,505,1302,52,443,12,32,39,359,1,3756,179,3567,10,4236,3595,405,119,43,35,39,1493,20,3,7,1463,66597
01/04/2011,3,2,0,0,1,54,47,7,603,0,5,78,119,401,337,0,319,6,3,7,0,0,2,3,1,1,1,21,10,0,8,1,2,566,5,558,3,1408,217,24,356,811,125,450,0,26,50,363,11,59,1,1,6,51,0,884,64,809,11,1368,1159,104,83,2,7,13,131,15,0,3,113,2,1,0,0,1,54,47,7,491,0,7,79,109,296,293,1,272,11,2,3,1,0,3,1,1,0,0,19,3,0,15,1,0,479,7,467,5,1369,147,26,356,840,100,300,0,22,67,199,12,49,1,3,6,36,3,750,67,678,5,1292,1114,89,80,0,3,6,193,15,0,3,175,2,0,0,0,2,88,79,9,812,0,24,91,167,530,466,0,424,30,3,4,0,0,5,4,4,0,0,75,18,0,52,0,5,804,8,786,10,2784,372,61,851,1500,169,833,0,30,143,639,21,137,1,0,15,120,1,1463,115,1335,13,2758,2412,144,171,12,8,11,370,22,2,1,345,2,1,0,0,1,81,59,22,643,0,11,71,123,438,339,0,313,12,2,3,0,0,9,5,5,0,0,66,34,3,27,0,2,1240,15,1212,13,2755,385,53,554,1763,179,526,0,20,87,397,22,96,5,9,9,72,1,1309,103,1200,6,1385,1175,118,77,3,4,8,249,13,0,1,235,2,1,0,0,1,50,46,4,568,0,12,48,115,393,312,0,281,19,2,4,2,0,4,1,0,1,0,46,25,0,21,0,0,808,12,787,9,1946,201,25,600,1120,110,548,1,26,107,397,17,54,1,6,4,43,0,990,79,896,15,1506,1310,116,69,2,5,4,251,30,0,2,219,7,7,0,0,0,149,132,17,1251,2,45,112,262,830,681,2,589,47,17,14,0,0,12,7,4,1,2,425,135,6,269,0,15,2355,34,2208,113,8825,1273,572,2199,4781,527,1851,11,30,479,1269,62,397,16,18,34,326,3,3432,155,3269,8,3765,3165,400,106,25,36,33,1362,24,2,8,1328,63270
01/07/2011,0,0,0,0,0,73,69,4,541,0,7,81,96,357,317,1,295,6,4,6,0,0,5,9,8,0,1,26,13,0,11,0,2,668,15,649,4,1357,207,24,320,806,124,327,0,23,53,238,13,54,1,4,9,35,5,805,70,723,12,1377,1193,89,77,6,5,7,140,11,0,3,126,4,4,0,0,0,50,48,2,527,0,5,64,111,347,302,2,268,11,8,8,0,0,5,2,1,1,0,21,4,0,15,1,1,531,4,520,7,1378,139,36,384,819,140,288,0,16,64,192,16,48,0,3,3,36,6,716,43,670,3,1538,1390,50,82,5,6,5,169,21,0,3,145,4,2,0,0,2,103,100,3,819,0,10,80,184,545,549,1,501,26,6,7,0,0,8,3,2,0,1,56,14,1,38,0,3,829,10,808,11,2808,326,77,965,1440,201,903,0,39,162,674,28,160,1,8,11,136,4,1515,118,1384,13,2858,2519,119,188,9,14,9,247,21,0,4,222,0,0,0,0,0,71,62,9,627,0,9,78,145,395,394,1,351,15,3,12,0,1,11,4,2,1,1,74,41,3,28,2,0,1354,11,1327,16,2926,426,83,563,1854,179,947,0,31,156,741,19,100,1,9,8,74,8,1242,90,1142,10,1384,1171,156,41,1,4,11,245,9,0,4,232,3,1,0,0,2,75,71,4,553,0,13,64,90,386,310,0,282,14,3,2,0,0,9,5,5,0,0,41,17,0,24,0,0,838,9,821,8,1875,189,42,639,1005,120,566,2,39,94,413,18,85,0,4,6,68,7,978,71,899,8,1651,1409,119,104,1,13,5,212,25,0,1,186,5,4,0,0,1,168,148,20,1240,1,45,99,284,811,643,0,570,32,9,10,0,3,19,10,4,3,3,491,156,6,317,0,12,2428,27,2284,117,9385,1196,744,2390,5055,563,1932,7,40,479,1351,55,414,11,11,28,350,14,3258,193,3060,5,3844,3216,421,100,24,41,42,1366,31,1,6,1328,65193
01/10/2011,2,1,0,0,1,48,43,5,555,1,8,67,107,372,287,0,268,3,2,8,0,0,6,4,4,0,0,31,14,0,10,3,4,628,10,615,3,1140,155,19,332,634,129,316,0,12,61,236,7,86,0,2,3,40,41,791,48,730,13,1306,1151,55,87,5,4,4,145,10,0,5,130,0,0,0,0,0,41,37,4,475,0,8,69,80,318,287,0,268,8,2,4,0,0,5,4,3,1,0,22,12,0,7,3,0,556,3,545,8,1287,138,33,381,735,108,253,0,19,59,166,9,85,1,2,6,33,43,682,47,633,2,1262,1148,56,42,0,10,6,172,8,0,0,164,3,3,0,0,0,96,85,11,750,0,8,68,164,510,459,0,425,20,2,5,0,0,7,3,1,1,1,56,12,0,38,1,5,1008,6,992,10,2693,295,73,850,1475,179,756,0,26,151,563,16,146,1,3,5,96,41,1559,105,1449,5,2698,2376,85,175,32,10,20,317,37,0,7,273,0,0,0,0,0,64,55,9,567,1,7,79,114,366,375,0,343,11,2,9,0,0,10,5,4,1,0,83,47,4,30,1,1,1722,15,1686,21,2448,361,53,584,1450,164,488,0,17,126,330,15,142,4,5,11,70,52,1354,115,1234,5,1252,1037,131,62,2,7,13,240,4,1,5,230,0,0,0,0,0,44,41,3,499,0,10,60,105,324,324,0,300,12,3,5,0,0,4,2,2,0,0,44,20,0,24,0,0,1001,14,979,8,1661,168,40,647,806,104,562,1,31,108,409,13,97,3,4,7,55,28,880,79,795,6,1456,1288,84,67,2,12,3,185,11,1,1,172,3,2,1,0,0,123,116,7,1162,0,52,107,274,729,651,0,575,25,10,19,0,1,21,9,7,0,2,526,198,7,305,2,14,3136,34,2975,127,9361,1159,842,2332,5028,584,1626,8,31,419,1114,54,389,10,18,33,276,52,3458,195,3259,4,3521,2815,324,112,18,42,210,1353,16,11,3,1323,63090
01/01/2012,3,3,0,0,0,90,79,11,537,0,6,77,117,337,278,0,262,1,2,5,0,0,8,1,1,0,0,46,21,0,21,2,2,679,8,667,4,1268,182,26,290,770,154,282,1,12,55,206,8,48,0,5,4,39,0,751,46,669,36,1147,1011,65,57,3,2,9,148,7,0,3,138,1,1,0,0,0,63,57,6,439,0,8,64,80,287,256,1,234,5,3,7,0,0,6,1,1,0,0,18,6,0,11,1,0,579,5,570,4,1323,135,32,331,825,166,287,0,15,70,196,6,51,1,2,4,41,3,668,39,624,5,1237,1123,48,55,3,5,3,193,15,0,4,174,6,2,1,0,3,122,114,8,726,0,17,82,141,486,475,0,439,14,2,14,0,0,6,2,1,1,0,61,13,1,45,0,2,955,7,931,17,2707,278,86,789,1554,195,757,0,21,129,573,34,134,1,7,9,115,2,1497,127,1355,15,2667,2360,105,162,8,13,19,308,22,0,9,277,4,2,1,0,1,108,100,8,660,2,18,112,112,416,358,0,320,8,4,19,0,0,7,3,2,0,1,75,42,4,27,0,2,1563,16,1534,13,2725,412,41,536,1736,192,506,0,22,108,364,12,90,3,8,10,68,1,1360,88,1260,12,1205,998,128,63,3,5,8,227,9,0,5,213,6,5,1,0,0,95,90,5,505,0,10,54,106,335,336,0,308,16,2,5,0,0,5,2,1,1,0,49,31,0,17,0,1,986,6,970,10,1780,170,46,571,993,158,484,1,9,126,335,13,68,2,5,8,52,1,878,63,810,5,1382,1178,136,54,3,5,6,187,11,0,9,167,6,6,0,0,0,167,154,13,1202,3,32,137,283,747,670,1,582,40,6,24,0,2,15,13,5,4,4,540,226,12,280,3,19,3301,34,3145,122,9089,1088,830,2122,5049,851,1968,6,29,514,1346,73,366,10,11,32,312,1,3531,153,3372,6,3394,2742,360,107,21,28,136,1627,11,0,7,1609,64043
01/04/2012,1,1,0,0,0,59,59,0,541,0,12,85,104,340,276,0,258,2,4,7,0,0,5,0,0,0,0,42,23,0,15,3,1,595,4,586,5,1275,173,25,291,786,129,301,0,10,50,233,8,44,0,3,4,36,1,826,63,730,33,1237,1086,76,55,9,5,6,128,9,1,1,117,2,1,0,0,1,64,56,8,487,0,3,80,86,318,264,0,246,7,1,5,0,0,5,3,1,2,0,12,3,0,7,2,0,520,3,510,7,1529,124,31,425,949,131,311,0,15,74,213,9,41,1,1,3,35,1,720,44,670,6,1363,1205,78,61,2,14,3,163,8,0,1,154,5,3,0,0,2,118,110,8,779,0,7,98,157,517,472,0,440,12,2,13,0,0,5,6,5,0,1,47,9,0,37,1,0,678,5,648,25,2713,287,76,917,1433,144,747,0,34,138,557,18,123,5,6,10,101,1,1334,125,1195,14,2626,2287,123,176,5,5,30,289,10,2,3,274,1,0,0,0,1,59,58,1,611,0,5,81,121,404,346,1,323,6,1,3,1,0,11,2,1,0,1,60,25,1,29,1,4,1281,9,1253,19,2639,323,46,547,1723,191,576,0,17,96,446,17,90,3,4,4,78,1,1117,107,1001,9,1221,975,167,53,1,8,17,296,5,0,2,289,5,3,0,0,2,66,56,10,442,0,5,54,83,300,369,0,351,10,2,3,0,0,3,4,4,0,0,32,18,0,13,1,0,719,6,699,14,1822,150,42,619,1011,112,474,4,34,73,345,18,77,2,8,6,60,1,786,51,727,8,1312,1107,114,58,15,12,6,159,9,0,1,149,3,2,1,0,0,158,138,20,1055,1,21,107,236,690,623,1,527,42,7,23,0,3,20,15,9,3,3,455,152,15,270,3,15,2290,24,2124,142,9205,994,950,2148,5113,659,1956,8,29,459,1375,85,366,17,16,27,303,3,3120,178,2933,9,3279,2668,372,84,14,35,106,1387,16,1,8,1362,60585
01/07/2012,3,2,0,0,1,66,60,6,551,0,5,62,112,372,318,1,304,3,2,2,1,0,5,3,3,0,0,33,12,1,17,0,3,565,6,552,7,1302,191,34,338,739,125,285,0,9,48,221,7,33,1,1,3,26,2,787,52,691,44,1301,1133,72,78,2,11,5,125,4,0,2,119,2,1,0,0,1,48,45,3,457,0,12,72,80,293,245,0,226,7,1,8,0,0,3,2,2,0,0,17,3,0,13,1,0,626,10,612,4,1323,127,52,356,788,144,264,0,30,49,174,11,43,1,5,3,28,6,647,46,596,5,1328,1177,55,76,0,14,6,148,5,0,8,135,4,1,1,0,2,102,91,11,824,1,3,92,178,550,431,0,406,10,1,8,0,0,6,1,1,0,0,59,8,0,45,4,2,724,10,698,16,2542,218,78,909,1337,224,786,0,39,138,583,26,119,4,2,13,90,10,1271,103,1157,11,2665,2358,134,143,3,8,19,299,16,1,10,272,3,2,0,0,1,67,66,1,583,0,10,64,114,395,334,0,296,17,1,10,1,0,9,4,2,1,1,45,22,1,18,0,4,1438,15,1402,21,2418,299,52,509,1558,202,609,0,19,110,456,24,89,2,3,13,66,5,1068,77,985,6,1214,1004,144,42,6,6,12,240,8,0,2,230,2,1,0,0,1,54,51,3,499,0,5,52,103,339,291,0,281,3,0,3,0,0,4,4,4,0,0,34,17,0,16,0,1,901,6,886,9,1655,156,41,542,916,113,393,1,18,67,290,17,77,0,1,8,61,7,841,60,778,3,1459,1255,106,74,7,8,9,181,6,0,4,171,8,8,0,0,0,135,119,16,1050,0,33,89,267,661,552,0,473,24,8,28,0,3,16,8,4,3,1,473,148,3,308,1,13,2490,33,2357,100,9956,1142,1072,2208,5534,620,1727,5,32,380,1243,67,331,10,18,26,265,12,3273,204,3062,7,3471,2862,362,87,13,31,116,1204,21,1,7,1175,60958
01/10/2012,2,2,0,0,0,75,70,5,517,0,6,62,106,343,295,0,280,2,4,1,0,0,8,2,1,1,0,37,16,3,12,4,2,635,8,621,6,1170,131,29,354,656,159,293,2,9,53,225,4,81,0,3,0,42,36,797,55,719,23,1149,1035,66,40,4,3,1,116,7,0,0,109,2,0,0,0,2,57,52,5,425,0,4,75,78,268,279,0,262,4,1,6,0,0,6,1,1,0,0,17,4,0,12,0,1,650,8,639,3,1337,110,44,368,815,130,258,0,13,54,181,10,61,2,0,7,24,28,632,57,572,3,1263,1105,52,74,0,21,11,160,7,0,5,148,0,0,0,0,0,81,73,8,722,0,10,69,126,517,405,0,374,19,2,2,0,0,8,2,2,0,0,56,13,0,42,0,1,737,5,703,29,2597,226,73,922,1376,145,675,0,20,149,488,18,159,3,3,10,104,39,1264,83,1172,9,2585,2297,84,139,9,11,45,340,59,0,4,277,2,1,1,0,0,67,66,1,603,0,7,54,115,427,291,0,258,12,2,9,0,0,10,6,3,2,1,62,30,0,26,3,3,1394,8,1365,21,2545,345,60,654,1486,176,447,0,24,70,329,24,107,10,3,8,54,32,1099,91,1000,8,1108,940,110,38,2,5,13,215,3,0,1,211,2,1,0,0,1,64,63,1,491,0,6,51,97,337,296,0,275,5,2,6,1,0,7,4,2,0,2,67,29,0,37,0,1,988,12,962,14,2003,164,49,667,1123,107,458,1,33,79,334,11,87,0,2,10,57,18,926,79,843,4,1273,1106,88,60,4,3,12,160,1,0,3,156,6,5,1,0,0,131,125,6,1004,0,27,92,229,656,591,0,529,21,7,17,0,0,17,12,11,0,1,480,145,8,296,10,21,2839,35,2664,140,9479,1023,1221,2171,5064,563,1606,1,24,414,1108,59,353,12,27,27,245,42,3235,164,3070,1,2975,2347,290,82,11,36,209,1145,15,0,2,1128,59835
01/01/2013,5,2,0,0,3,54,51,3,475,0,6,78,110,281,255,0,242,0,2,4,0,0,7,6,6,0,0,37,17,1,19,0,0,560,15,542,3,1189,137,22,351,679,119,186,2,8,25,146,5,47,2,4,6,33,2,731,43,673,15,901,795,55,40,5,1,5,149,9,1,2,137,1,0,0,0,1,60,58,2,403,1,7,60,71,264,234,1,204,9,1,14,0,0,5,5,4,1,0,24,2,0,22,0,0,503,4,497,2,1353,128,36,357,832,127,243,1,6,65,166,5,35,1,5,2,25,2,579,39,532,8,969,849,61,44,1,9,5,150,2,0,5,143,3,2,0,0,1,110,104,6,644,0,9,62,146,427,381,1,348,15,2,4,0,0,11,5,4,0,1,83,27,0,52,2,2,747,8,722,17,2678,270,82,917,1409,150,610,1,20,152,416,21,107,6,7,7,87,0,1220,99,1110,11,2041,1799,87,93,5,11,46,404,25,0,6,373,3,3,0,0,0,101,99,2,550,1,11,70,119,349,275,1,222,7,4,29,0,0,12,3,3,0,0,84,40,1,35,3,5,1223,13,1193,17,2471,345,52,580,1494,173,387,0,14,74,292,7,66,1,5,6,52,2,1015,60,949,6,958,781,107,41,0,5,24,202,9,0,0,193,4,2,0,0,2,92,79,13,412,0,14,46,97,255,247,0,231,7,1,7,0,0,1,3,3,0,0,33,11,0,21,0,1,1099,6,1083,10,1714,136,36,513,1029,101,341,1,14,61,254,11,70,0,2,3,65,0,767,43,723,1,1112,957,86,53,1,1,14,149,7,0,1,141,2,1,0,0,1,168,151,17,1037,2,30,79,229,697,485,2,422,22,6,22,0,2,9,11,5,3,3,512,202,5,292,2,11,2487,20,2353,114,9283,1020,1204,2091,4968,514,1573,10,9,438,1062,54,298,10,16,30,240,2,3046,133,2907,6,2617,2133,286,70,14,20,94,1166,15,0,6,1145,55437
01/04/2013,3,1,0,0,2,57,54,3,493,0,11,76,91,315,245,1,233,4,2,3,0,0,2,0,0,0,0,26,13,0,13,0,0,535,3,526,6,1338,154,18,375,791,105,274,0,12,39,213,10,54,2,4,3,45,0,713,58,637,18,934,815,67,28,2,15,7,129,11,0,3,115,6,1,0,0,5,54,49,5,398,0,12,57,58,271,260,1,237,7,2,7,0,0,6,3,1,2,0,17,4,0,12,0,1,441,4,431,6,1444,110,53,415,866,108,335,1,19,67,226,22,43,1,2,3,37,0,661,37,615,9,1014,887,50,53,1,7,16,158,6,1,2,149,4,3,0,0,1,90,89,1,689,0,10,51,143,485,399,0,361,16,5,8,0,0,9,6,4,2,0,64,14,0,47,0,3,691,8,670,13,2673,204,92,811,1566,170,670,0,28,148,474,20,135,0,6,8,119,2,1276,88,1177,11,2169,1886,107,124,7,18,27,488,29,0,2,457,2,1,0,0,1,76,67,9,583,0,17,59,118,389,305,0,270,20,0,7,0,0,8,0,0,0,0,55,29,2,24,0,0,1060,9,1031,20,2795,369,52,599,1775,156,624,0,17,106,482,19,88,1,5,6,76,0,1103,102,996,5,1037,892,115,14,2,6,8,206,7,0,1,198,3,1,0,0,2,90,83,7,442,0,10,51,95,286,272,0,251,11,1,3,0,0,6,2,2,0,0,29,14,1,12,2,0,899,11,878,10,1820,143,37,595,1045,98,452,1,16,73,341,21,84,0,7,9,68,0,788,56,730,2,1207,1026,112,48,6,4,11,142,6,0,2,134,6,4,1,0,1,161,152,9,1037,2,27,93,257,658,500,0,428,24,3,30,1,1,13,8,5,1,2,431,146,8,267,2,8,2237,37,2083,117,9812,846,1219,2540,5207,602,1896,5,25,446,1351,69,297,10,10,28,249,0,2798,144,2647,7,2821,2338,278,64,11,40,90,1253,19,1,5,1228,57649
01/07/2013,5,3,0,0,2,49,42,7,524,1,9,60,125,329,220,2,204,2,5,2,0,0,5,7,6,1,0,26,13,0,12,1,0,513,10,495,8,1341,166,25,366,784,104,225,1,7,31,182,4,44,1,4,3,35,1,709,65,614,30,1060,932,64,46,3,10,5,121,4,0,2,115,5,5,0,0,0,63,57,6,451,0,8,64,80,299,257,0,248,5,1,1,0,0,2,3,0,2,1,22,2,0,19,1,0,536,4,530,2,1397,101,75,420,801,135,334,3,18,49,248,16,48,0,3,1,38,6,587,54,528,5,1261,1112,50,68,0,19,12,173,14,0,4,155,5,0,0,0,5,84,80,4,758,0,23,69,155,511,419,0,389,17,2,6,0,0,5,8,5,3,0,51,12,0,38,1,0,718,8,696,14,2720,212,95,892,1521,165,850,0,38,155,644,13,115,2,5,8,98,2,1192,93,1095,4,2335,2012,127,132,1,19,44,468,25,0,2,441,4,3,0,0,1,72,70,2,577,0,18,53,94,412,288,0,265,9,0,9,0,0,5,6,4,0,2,57,25,0,31,0,1,1232,11,1207,14,2992,314,117,647,1914,133,881,2,17,124,727,11,86,0,8,6,69,3,1014,85,922,7,1115,896,153,34,2,15,15,202,3,0,0,199,0,0,0,0,0,44,41,3,456,0,11,35,100,310,271,1,255,6,2,2,1,0,4,5,4,1,0,27,9,0,14,1,3,823,12,803,8,1850,130,41,662,1017,113,427,3,10,60,339,15,73,0,1,5,64,3,733,59,667,7,1225,1038,114,45,1,8,19,158,4,0,4,150,8,7,1,0,0,157,146,11,980,3,34,93,231,619,453,1,368,24,14,21,0,0,25,11,7,1,3,414,117,11,270,5,11,2541,39,2374,128,10486,789,1363,2414,5920,506,1674,4,29,363,1210,68,317,10,17,20,264,6,2686,178,2501,7,2858,2264,332,75,23,31,133,1186,14,1,3,1168,59249
01/10/2013,0,0,0,0,0,62,56,6,417,0,8,41,83,285,235,1,222,5,2,4,0,0,1,9,7,1,1,31,20,0,7,1,3,633,8,620,5,1160,152,23,330,655,118,213,1,7,29,169,7,100,2,8,7,55,28,734,68,633,33,1001,871,62,51,7,7,3,137,13,0,1,123,2,2,0,0,0,40,36,4,420,0,12,62,84,262,264,0,249,5,0,7,0,0,3,0,0,0,0,29,7,0,22,0,0,563,4,553,6,1172,114,56,378,624,136,327,0,15,69,234,9,58,1,3,5,33,16,567,31,530,6,959,861,32,27,1,15,23,165,11,0,2,152,3,2,1,0,0,62,58,4,759,0,11,61,164,523,394,0,365,17,2,5,0,0,5,5,2,3,0,75,22,0,50,0,3,725,8,701,16,2757,222,93,989,1453,201,665,1,26,142,490,6,107,1,3,1,80,22,1192,83,1103,6,2184,1888,95,100,7,13,81,414,23,0,3,388,1,1,0,0,0,71,66,5,512,1,5,61,95,350,315,0,283,9,2,14,0,0,7,2,1,1,0,65,42,1,19,1,2,1388,11,1369,8,2669,323,72,577,1697,151,435,0,10,99,310,16,89,2,5,5,58,19,1100,91,1002,7,1042,861,123,32,0,17,9,224,1,0,1,222,1,1,0,0,0,57,55,2,426,0,8,42,98,278,258,0,241,9,1,6,0,0,1,2,1,0,1,54,23,0,28,0,3,909,5,893,11,1641,139,36,600,866,100,399,0,7,74,306,12,72,0,2,7,54,9,794,53,738,3,1178,1017,97,45,1,8,10,159,8,0,3,148,7,7,0,0,0,135,130,5,1059,2,31,80,246,700,428,0,377,21,8,10,0,1,11,14,7,5,2,560,178,9,361,3,9,3155,39,2991,125,9982,844,1619,2158,5361,539,1351,7,18,372,906,48,317,6,29,17,244,21,2908,186,2721,1,2455,1944,291,47,19,27,127,1184,13,0,3,1168,57303
01/01/2014,3,2,0,0,1,53,46,7,455,0,10,60,110,275,243,0,226,1,2,12,0,0,2,2,1,0,1,27,9,0,17,0,1,567,13,549,5,1129,160,21,287,661,102,197,0,5,35,149,8,44,2,5,8,28,1,602,54,513,35,838,713,63,47,0,11,4,121,10,0,3,108,4,0,0,0,4,59,53,6,392,0,13,63,47,269,291,0,228,8,2,48,0,0,5,7,1,6,0,24,5,0,18,0,1,610,6,602,2,1166,93,37,329,707,183,386,1,21,82,268,14,44,0,1,3,39,1,547,23,516,8,899,768,55,59,0,3,14,197,8,0,2,187,2,0,2,0,0,92,87,5,654,0,11,66,143,434,337,2,309,7,1,14,0,0,4,3,2,0,1,63,17,0,45,0,1,663,6,647,10,2452,250,90,841,1271,185,616,0,20,108,469,19,91,0,1,5,85,0,1112,74,1028,10,1726,1505,84,83,1,3,50,434,42,0,0,392,4,3,0,0,1,101,95,6,503,0,7,55,90,351,271,0,251,7,2,6,0,0,5,1,0,0,1,61,29,1,27,3,1,1204,13,1174,17,2534,321,66,545,1602,205,393,1,10,78,284,20,57,1,3,4,49,0,895,52,838,5,942,796,102,28,0,5,11,251,4,0,1,246,2,1,0,0,1,64,61,3,386,0,6,41,85,254,287,2,258,14,1,9,0,0,3,5,1,1,3,29,12,0,16,1,0,890,12,868,10,1520,131,43,527,819,107,336,2,5,63,257,9,56,0,4,3,49,0,705,46,655,4,923,796,78,41,0,1,7,148,4,0,2,142,17,14,1,0,2,198,150,48,1018,4,34,86,230,664,418,1,347,26,7,20,0,2,15,17,9,4,4,555,210,6,323,2,14,2946,39,2818,89,9034,995,1155,1934,4950,637,1730,8,7,555,1043,117,267,6,9,21,230,1,2912,119,2791,2,2233,1767,262,59,25,39,81,1265,10,3,2,1250,53749
01/04/2014,1,0,0,0,1,54,50,4,543,0,15,73,125,330,230,0,223,3,1,2,0,0,1,5,1,2,2,16,6,0,7,1,2,546,8,537,1,1251,181,26,354,690,102,256,0,10,44,197,5,69,1,8,6,54,0,751,62,656,33,928,793,63,38,8,21,5,122,7,0,2,113,1,0,0,0,1,56,49,7,454,0,6,44,80,324,258,1,239,9,1,5,0,1,2,3,0,2,1,28,8,0,17,1,2,477,3,465,9,1142,69,40,359,674,119,346,1,21,93,219,12,25,0,2,0,23,0,512,28,478,6,1006,861,67,50,0,11,17,181,7,0,2,172,2,0,0,0,2,95,93,2,675,0,10,56,153,456,362,1,324,19,1,7,0,0,10,5,2,0,3,55,7,0,46,2,0,650,8,622,20,2735,257,74,976,1428,181,681,1,16,143,511,10,99,2,5,9,83,0,1082,107,961,14,1923,1657,73,99,3,11,80,468,45,0,2,421,6,5,0,0,1,114,107,7,550,1,15,52,112,370,275,1,250,9,1,7,0,0,7,3,2,1,0,41,17,1,21,0,2,1039,11,1016,12,2718,266,76,652,1724,168,644,0,13,112,495,24,52,3,4,3,42,0,957,61,891,5,957,790,110,38,4,6,9,250,8,0,1,241,3,1,0,0,2,73,72,1,414,0,9,38,84,283,252,1,232,15,1,3,0,0,0,1,0,0,1,45,17,0,24,1,3,703,6,689,8,1702,116,39,664,883,94,441,2,17,70,333,19,58,0,5,6,46,1,677,57,619,1,1051,910,91,35,1,10,4,161,6,0,6,149,7,3,0,0,4,150,135,15,1171,3,38,107,269,754,462,1,391,22,7,26,0,0,15,14,4,6,4,475,125,4,319,3,24,2561,25,2404,132,9971,1048,1202,2325,5396,556,1863,4,19,451,1275,114,284,6,14,24,239,1,2825,147,2665,13,2374,1899,315,23,21,23,93,1286,16,0,7,1263,55943
01/07/2014,2,1,0,0,1,59,51,8,513,0,10,67,108,328,222,1,208,2,5,1,1,0,4,7,5,2,0,20,8,2,10,0,0,526,8,515,3,1317,146,30,364,777,95,182,0,8,18,150,6,62,1,5,4,50,2,701,61,623,17,895,778,70,28,0,13,6,176,8,0,1,167,1,1,0,0,0,43,41,2,435,0,11,44,90,290,261,0,243,10,1,4,0,1,2,4,0,4,0,17,5,0,11,1,0,501,6,491,4,1247,97,48,362,740,119,327,1,18,67,232,9,49,1,2,2,44,0,546,34,510,2,1114,972,46,77,0,3,16,143,9,0,0,134,3,2,0,0,1,64,60,4,767,0,8,53,141,565,416,0,385,13,5,4,0,0,9,6,3,1,2,55,6,0,48,0,1,724,8,696,20,2987,305,98,976,1608,160,825,1,19,146,632,27,131,3,9,12,105,2,1067,82,971,14,2164,1781,117,113,3,16,134,506,20,0,2,484,3,3,0,0,0,67,65,2,593,0,27,50,112,404,245,0,228,5,0,3,0,0,9,1,0,0,1,48,19,0,27,1,1,1244,10,1222,12,2980,326,70,696,1888,156,733,0,18,88,620,7,77,4,4,4,61,4,992,98,886,8,934,773,115,22,1,10,13,247,4,0,1,242,3,2,0,0,1,71,70,1,438,0,11,35,92,300,247,0,232,6,3,3,0,0,3,3,2,1,0,24,6,0,16,0,2,761,6,749,6,1757,107,55,623,972,90,471,0,18,64,357,32,60,1,3,6,48,2,626,51,572,3,1091,920,92,54,3,4,18,140,4,0,1,135,6,6,0,0,0,143,136,7,1106,4,29,95,250,728,448,0,376,19,9,27,0,1,16,8,4,4,0,413,114,7,278,1,13,2762,27,2622,113,9873,1034,900,2351,5588,635,1949,3,20,510,1323,93,307,5,14,34,251,3,2673,152,2516,5,2549,1885,334,48,35,24,223,1225,15,1,4,1205,57658
01/10/2014,1,1,0,0,0,51,47,4,548,0,17,51,125,355,255,0,237,6,5,1,0,0,6,1,0,1,0,40,10,2,24,0,4,561,11,544,6,1344,117,25,417,785,118,242,0,10,58,168,6,56,0,3,4,38,11,706,67,610,29,918,785,68,54,1,5,5,130,2,0,1,127,2,2,0,0,0,55,50,5,521,0,17,79,73,352,237,0,206,2,2,23,0,0,4,5,1,1,3,21,6,0,13,2,0,502,5,494,3,1205,70,68,387,680,146,271,1,12,60,187,11,57,1,0,3,36,17,547,26,513,8,935,788,44,70,0,11,22,160,9,0,2,149,2,1,0,0,1,83,81,2,760,1,14,52,163,530,364,0,337,16,1,2,0,0,8,2,1,1,0,51,10,0,41,0,0,733,8,714,11,2850,274,85,1053,1438,197,634,0,22,149,444,19,114,4,5,5,73,27,1167,58,1096,13,1908,1543,83,85,1,11,185,470,55,0,7,408,1,0,0,0,1,65,60,5,577,0,19,69,94,395,252,0,223,9,4,6,0,0,10,4,2,2,0,62,35,0,25,0,2,1480,17,1450,13,2662,215,58,744,1645,169,357,0,13,56,280,8,92,3,5,6,60,18,1111,74,1033,4,894,734,86,32,5,10,27,255,13,0,0,242,0,0,0,0,0,71,67,4,453,0,12,45,112,284,260,0,239,12,1,5,0,0,3,2,1,1,0,30,11,0,19,0,0,1046,11,1024,11,1787,121,42,666,958,79,419,1,10,71,320,17,55,0,4,8,40,3,692,48,640,4,1041,876,98,48,2,10,7,174,4,1,2,167,4,4,0,0,0,172,163,9,1238,2,68,99,272,797,405,1,356,25,9,9,0,0,5,15,11,0,4,447,156,3,263,2,23,3939,48,3766,125,10334,1064,1118,2465,5687,575,1616,2,14,465,1060,75,273,5,19,18,212,19,2989,142,2842,5,2396,1731,304,41,15,30,275,1255,12,0,0,1243,58718
01/01/2015,1,0,0,0,1,76,74,2,493,0,16,70,102,305,209,0,199,2,1,7,0,0,0,6,3,1,2,50,25,1,21,1,2,519,6,512,1,1200,137,26,374,663,149,225,0,6,32,176,11,44,0,5,2,36,1,632,37,570,25,703,629,43,24,1,1,5,158,11,2,3,142,2,0,0,0,2,74,67,7,446,0,13,64,71,298,254,0,230,5,1,16,0,0,2,8,7,0,1,25,10,0,12,1,2,508,11,494,3,1235,78,39,388,730,175,278,1,10,68,190,9,47,0,2,5,40,0,462,24,425,13,884,768,50,56,0,2,8,173,8,0,2,163,1,0,0,0,1,120,110,10,763,0,20,88,160,495,362,1,324,16,9,2,0,0,10,3,3,0,0,60,9,0,46,4,1,790,8,762,20,2742,281,70,971,1420,252,615,0,14,136,452,13,94,4,6,6,77,1,1157,76,1066,15,1682,1479,75,63,4,8,53,428,32,0,6,390,2,1,0,0,1,108,100,8,575,0,34,79,97,365,257,0,234,7,4,7,0,0,5,5,3,1,1,69,33,2,30,2,2,1446,22,1411,13,2548,246,56,624,1622,180,342,0,4,60,271,7,70,1,2,11,56,0,856,66,781,9,726,578,110,17,0,4,17,271,5,0,0,266,2,0,0,0,2,60,56,4,492,0,13,61,88,330,251,0,236,7,1,3,0,0,4,0,0,0,0,25,11,1,12,0,1,999,11,976,12,1699,126,51,635,887,144,328,0,7,67,246,8,46,2,4,6,32,2,725,70,651,4,926,810,77,26,0,3,10,182,7,1,5,169,5,4,0,0,1,202,188,14,1221,6,55,108,287,765,395,2,319,30,10,25,0,1,8,20,6,7,7,489,198,6,255,3,27,3627,39,3488,100,9559,935,975,2542,5107,631,1512,6,8,403,1047,48,274,2,20,23,229,0,2855,129,2720,6,2685,1818,304,37,4,31,491,1411,8,1,2,1400,56325
01/04/2015,1,0,0,0,1,78,75,3,490,0,20,47,114,309,226,2,211,4,5,0,1,0,3,3,2,1,0,35,17,0,15,2,1,561,5,553,3,1297,173,21,373,730,116,222,0,7,36,171,8,46,3,4,6,33,0,746,57,665,24,807,687,72,31,7,5,5,179,11,0,1,167,1,0,0,0,1,66,61,5,463,0,11,43,85,324,268,1,245,5,4,5,1,0,7,3,3,0,0,11,5,0,6,0,0,509,1,506,2,1336,80,42,433,781,156,331,0,17,53,244,17,28,0,2,2,24,0,543,35,502,6,877,744,56,54,0,6,17,211,9,0,3,199,5,4,0,0,1,93,82,11,828,0,19,66,149,594,392,0,352,13,5,9,0,0,13,4,2,1,1,46,18,0,23,3,2,807,8,786,13,2699,221,58,1045,1375,222,695,0,11,133,532,19,100,0,7,14,77,2,1106,93,1006,7,1854,1505,125,88,1,5,130,558,40,0,5,513,3,1,0,0,2,77,67,10,624,0,28,53,97,446,273,1,235,11,4,9,0,0,13,5,4,1,0,55,20,1,25,5,4,1069,7,1046,16,2524,269,42,579,1634,158,671,0,12,90,550,19,60,0,3,8,49,0,903,75,825,3,836,683,110,24,2,9,8,323,7,0,0,316,1,0,0,0,1,64,54,10,486,0,17,32,117,320,268,0,251,9,3,0,0,0,5,3,3,0,0,26,5,0,19,2,0,663,5,652,6,1739,113,22,624,980,106,470,0,8,91,347,24,69,1,3,8,57,0,718,53,664,1,964,842,74,29,2,8,9,241,7,0,7,227,10,5,1,0,4,194,173,21,1297,1,53,91,297,855,387,1,334,18,10,9,2,0,13,20,11,7,2,456,140,2,284,8,22,2572,27,2436,109,10031,862,1005,2798,5366,631,1785,4,10,550,1165,56,291,2,15,22,251,1,2581,127,2451,3,3133,1985,332,47,7,44,718,1459,13,1,3,1442,57265
01/07/2015,5,4,0,0,1,53,48,5,600,0,28,46,129,397,245,0,227,1,3,8,1,0,5,5,3,0,2,35,14,0,20,1,0,594,7,579,8,1324,122,24,368,810,134,174,0,10,38,124,2,40,2,4,1,32,1,715,69,631,15,943,822,65,40,7,5,4,176,9,0,0,167,0,0,0,0,0,67,59,8,518,0,9,46,98,365,234,0,226,2,2,0,0,0,4,3,2,0,1,28,6,0,20,1,1,538,8,529,1,1313,72,63,390,788,147,328,0,16,67,233,12,44,0,2,4,37,1,630,33,594,3,993,817,71,79,0,15,11,169,3,0,0,166,5,1,1,0,3,100,86,14,765,1,17,69,158,520,406,0,373,13,4,11,0,0,5,2,2,0,0,49,13,0,32,2,2,759,4,743,12,2537,208,51,987,1291,202,800,0,9,138,631,22,81,0,4,6,70,1,1012,68,939,5,1988,1593,84,88,2,11,210,625,30,0,3,592,4,1,2,0,1,72,65,7,692,0,25,54,126,487,287,0,249,5,1,8,0,0,24,4,3,0,1,48,17,1,27,2,1,990,8,976,6,2579,224,61,654,1640,167,689,0,11,109,557,12,94,1,6,12,72,3,911,73,833,5,862,712,122,17,2,5,4,283,6,0,0,277,1,0,0,0,1,99,86,13,524,0,22,37,112,353,253,1,237,7,1,3,1,0,3,2,2,0,0,20,6,0,14,0,0,653,2,646,5,1574,114,26,620,814,148,320,1,8,51,250,10,47,0,3,5,35,4,694,57,635,2,899,778,69,34,0,2,16,202,4,0,3,195,1,0,0,0,1,194,176,18,1345,1,44,96,298,906,401,0,350,16,14,11,1,0,9,15,6,7,2,371,118,1,236,6,10,2554,29,2417,108,9691,824,1114,2522,5231,524,1805,5,13,449,1259,79,280,2,17,18,240,3,2463,150,2312,1,2950,1953,301,32,7,47,610,1362,15,1,4,1342,56460
01/10/2015,3,2,0,0,1,55,47,8,528,1,16,55,118,338,278,0,265,5,4,1,0,0,3,3,2,0,1,27,12,0,12,2,1,469,8,455,6,1238,113,25,438,662,115,226,0,9,57,158,2,66,1,4,3,46,12,717,58,647,12,887,800,45,28,1,7,6,210,11,0,1,198,1,1,0,0,0,62,52,10,519,0,10,53,93,363,256,0,246,5,1,1,0,0,3,4,4,0,0,22,9,0,13,0,0,406,4,395,7,1188,70,42,459,617,115,305,0,11,44,242,8,60,0,2,4,39,15,467,34,429,4,1058,902,53,71,0,13,19,243,1,0,2,240,1,1,0,0,0,112,99,13,813,0,21,58,179,555,384,0,347,8,2,8,0,0,19,9,4,3,2,77,26,0,47,4,0,633,3,616,14,2482,211,62,1042,1167,219,622,1,6,125,475,15,77,0,5,10,56,6,1019,58,957,4,1837,1482,78,78,1,11,187,674,24,1,0,649,3,2,0,0,1,79,72,7,625,0,31,54,113,427,303,1,275,7,1,5,0,0,14,5,3,1,1,58,30,0,24,3,1,967,10,945,12,2406,207,63,744,1392,155,451,0,10,90,338,13,95,3,8,5,62,17,775,62,709,4,802,664,84,35,2,5,12,286,2,0,3,281,0,0,0,0,0,60,55,5,508,0,20,38,104,346,216,0,201,9,3,1,0,0,2,5,3,0,2,26,11,0,14,0,1,780,6,763,11,1543,86,38,654,765,112,404,0,10,66,313,15,52,0,2,6,37,7,700,74,626,0,942,819,54,38,2,7,22,176,4,1,3,168,5,2,0,0,3,183,158,25,1361,2,51,85,322,901,419,1,361,18,4,18,0,1,16,15,10,3,2,469,176,3,275,1,14,2848,30,2708,110,9380,680,1421,2401,4878,621,1492,2,13,427,985,65,272,6,21,22,210,13,2662,154,2505,3,3038,1628,300,42,4,32,1032,1438,15,2,2,1419,55224
01/01/2016,3,0,0,0,3,82,70,12,530,0,17,58,128,327,244,0,235,2,3,0,0,0,4,4,3,0,1,22,7,2,10,2,1,375,7,365,3,997,88,31,327,551,101,215,0,5,35,172,3,44,1,6,3,34,0,563,42,510,11,869,773,41,46,1,3,5,199,4,0,1,194,0,0,0,0,0,64,56,8,382,0,10,43,62,267,259,0,248,7,1,2,0,0,1,1,1,0,0,8,1,0,6,0,1,359,5,350,4,1120,57,37,375,651,144,343,0,12,88,228,15,36,0,1,1,34,0,479,23,448,8,938,820,44,59,0,2,13,236,5,0,0,231,3,2,0,0,1,110,99,11,732,0,18,60,150,504,371,1,335,9,4,11,0,0,11,6,2,2,2,54,15,0,35,2,2,535,3,522,10,2090,182,42,839,1027,178,651,0,7,122,503,19,73,1,4,8,60,0,952,57,882,13,1526,1326,57,46,3,7,87,556,21,0,2,533,4,2,0,0,2,97,84,13,557,0,29,40,113,375,276,1,246,11,3,7,0,0,8,5,1,4,0,56,29,1,23,2,1,875,7,853,15,2165,192,41,605,1327,178,655,0,13,118,427,97,66,1,4,13,48,0,722,52,665,5,785,663,82,27,1,1,11,285,3,0,0,282,3,1,0,0,2,80,66,14,459,0,12,35,108,304,248,0,228,6,3,9,0,0,2,4,2,1,1,32,10,0,18,2,2,551,5,539,7,1343,85,33,556,669,92,392,0,3,87,290,12,52,0,0,6,46,0,565,34,530,1,763,687,46,21,0,2,7,213,5,0,0,208,5,3,1,0,1,237,212,25,1317,3,57,100,278,879,409,0,353,15,6,24,0,0,11,13,8,3,2,397,145,4,228,5,15,2319,21,2212,86,8623,734,1141,2485,4263,600,1499,8,9,444,970,68,259,3,9,26,221,0,2345,141,2201,3,2269,1596,270,54,4,23,322,1624,19,0,2,1603,49893
01/04/2016,0,0,0,0,0,91,80,11,552,1,28,43,119,361,275,1,252,7,3,7,0,0,5,3,1,0,2,15,3,0,9,3,0,400,6,390,4,1027,92,15,349,571,96,291,0,6,31,236,18,49,0,3,3,43,0,584,38,532,14,896,790,47,34,0,8,17,226,6,0,0,220,3,0,0,0,3,111,101,10,394,0,10,42,69,273,244,1,226,8,0,7,0,1,1,3,1,2,0,10,0,0,7,0,3,268,4,261,3,1067,49,27,428,563,115,269,0,14,58,190,7,33,0,2,2,28,1,432,30,396,6,819,706,38,48,3,8,16,232,6,1,0,225,6,0,1,0,5,102,91,11,800,0,20,77,154,549,413,1,371,11,8,15,0,0,7,3,3,0,0,44,12,0,26,4,2,410,7,395,8,2023,148,42,950,883,133,733,0,13,152,539,29,62,1,2,5,54,0,883,75,794,14,1616,1379,58,58,5,14,102,646,36,2,5,603,4,0,0,0,4,105,90,15,625,6,17,43,110,449,294,0,270,9,6,5,0,0,4,4,3,0,1,42,15,0,19,3,5,679,8,662,9,1991,166,36,618,1171,151,876,0,9,106,731,30,57,0,3,5,48,1,741,60,677,4,708,598,80,21,0,3,6,300,9,0,2,289,0,0,0,0,0,88,82,6,475,0,17,35,115,308,241,1,216,13,2,8,0,0,1,8,6,1,1,28,10,0,17,0,1,393,7,378,8,1443,70,21,644,708,90,503,2,13,117,358,13,47,0,2,4,41,0,575,42,532,1,859,771,56,19,1,5,7,272,4,0,11,257,7,7,0,0,0,232,196,36,1322,2,45,90,320,865,435,0,372,12,11,30,0,1,9,12,5,4,3,349,113,8,214,5,9,1929,31,1814,84,8006,593,925,2431,4057,534,1472,5,9,423,956,79,235,0,15,21,199,0,2126,130,1993,3,2090,1543,246,17,1,10,273,1620,18,0,2,1600,48347
01/07/2016,7,4,0,0,3,64,53,11,560,0,25,37,112,386,308,1,297,3,3,1,0,0,3,9,4,4,1,44,22,1,16,4,1,369,7,356,6,1102,73,18,401,610,118,212,0,8,34,164,6,47,2,4,8,33,0,563,67,493,3,890,811,40,16,0,7,16,159,9,0,0,150,1,0,0,0,1,54,52,2,498,0,19,54,75,350,271,0,258,0,2,7,0,0,4,2,2,0,0,18,3,0,14,0,1,328,3,323,2,1045,48,36,389,572,109,364,0,17,63,267,17,40,0,3,3,33,1,484,25,453,6,1105,967,38,70,3,8,19,165,7,0,0,158,0,0,0,0,0,101,92,9,707,1,21,51,168,466,410,0,364,13,7,19,0,0,7,4,4,0,0,47,8,0,32,2,5,390,10,372,8,1987,121,61,790,1015,186,724,0,16,150,545,13,83,1,4,3,74,1,890,76,809,5,1632,1413,70,74,1,4,70,534,16,0,3,515,4,3,0,0,1,110,96,14,596,0,38,42,118,398,319,0,289,11,3,7,0,0,9,4,1,2,1,46,16,0,24,3,3,732,3,715,14,2018,165,56,641,1156,161,754,0,15,111,606,22,63,2,3,6,47,5,698,66,622,10,746,636,77,16,0,3,14,224,4,0,0,220,0,0,0,0,0,68,58,10,468,0,22,19,95,332,277,0,250,6,3,17,0,0,1,2,1,0,1,17,4,0,12,1,0,426,4,416,6,1479,106,39,610,724,109,531,2,21,115,380,13,40,0,0,12,27,1,605,51,552,2,857,774,50,23,0,4,6,194,2,0,7,185,3,3,0,0,0,180,161,19,1399,4,60,102,329,904,389,0,335,8,8,27,0,0,11,14,11,2,1,358,95,3,240,9,11,2132,24,2019,89,8656,657,972,2484,4543,595,1788,5,16,529,1178,60,202,0,7,18,176,1,2178,157,2018,3,2326,1704,235,20,0,33,334,1334,12,0,3,1319,49733
01/10/2016,1,1,0,0,0,57,50,7,492,0,19,49,125,299,287,0,270,3,4,6,0,0,4,2,2,0,0,36,14,0,18,3,1,373,1,367,5,1019,73,18,355,573,110,260,1,8,32,213,6,73,0,3,5,44,21,551,47,500,4,899,808,34,39,3,3,12,154,7,0,1,146,3,2,0,0,1,54,48,6,383,0,10,38,77,258,258,0,249,1,0,5,0,0,3,0,0,0,0,21,3,0,14,4,0,347,3,341,3,1053,47,28,425,553,131,343,1,17,77,232,16,70,0,2,3,45,20,464,28,430,6,921,803,42,46,5,2,23,189,3,0,2,184,3,2,1,0,0,95,82,13,773,0,17,68,182,506,422,0,386,15,2,9,0,0,10,2,2,0,0,45,11,1,29,2,2,458,6,442,10,2234,169,40,995,1030,150,760,0,10,125,596,29,83,0,5,7,59,12,961,75,875,11,1590,1337,47,71,1,3,131,494,17,1,3,473,0,0,0,0,0,105,96,9,552,1,17,43,98,393,378,0,347,9,3,10,0,0,9,3,3,0,0,55,32,2,19,1,1,786,7,764,15,2102,169,52,699,1182,146,613,0,11,110,471,21,97,1,5,9,55,27,831,78,745,8,800,685,62,29,4,5,15,338,4,0,0,334,4,3,0,0,1,65,54,11,415,0,17,30,96,272,303,0,285,6,5,0,0,0,7,2,1,1,0,18,6,0,11,1,0,565,6,554,5,1424,72,35,600,717,109,510,1,6,105,387,11,54,1,1,5,34,13,653,55,593,5,845,761,40,34,0,0,10,178,2,1,2,173,7,5,0,0,2,197,176,21,1372,4,58,84,300,926,437,0,363,21,10,28,0,1,14,9,5,1,3,334,128,6,189,3,8,2439,30,2330,79,8967,701,1022,2540,4704,566,1361,3,7,457,847,47,258,0,12,22,199,25,2422,181,2237,4,2409,1697,268,24,0,49,371,1311,17,0,3,1291,50661
